ID,类型,类别,场景,初始条件,演化记录,结论,证据,问题代码,原因/说明
N001,正常,基线矩阵,Forum × using_phone：常规单轮输入-输出,前景场=Forum（public_many / remote / async / persistent / weak / public / background / casual）；活动=using_phone（手机交互，输入开放较高，可移动）；无故障；若为 co_located 则 place_id 已匹配。,t0 普通新帖/回复进入 public_many 场；t1 visibleSlice 只给摘要；t2 async+background 使多数活动仅缓冲或下次唤醒时看到；t3 主动浏览时 post/reply。,通过,E_FIELD + E_OPS + E_COMBO,,Forum 的弱任务绑定、background 注意力与 persistent 生命周期能支撑该常规流。
N002,正常,基线矩阵,Forum × using_computer：常规单轮输入-输出,前景场=Forum（public_many / remote / async / persistent / weak / public / background / casual）；活动=using_computer（电脑交互，中等开放，中等输出）；无故障；若为 co_located 则 place_id 已匹配。,t0 普通新帖/回复进入 public_many 场；t1 visibleSlice 只给摘要；t2 async+background 使多数活动仅缓冲或下次唤醒时看到；t3 主动浏览时 post/reply。,通过,E_FIELD + E_OPS + E_COMBO,,Forum 的弱任务绑定、background 注意力与 persistent 生命周期能支撑该常规流。
N003,正常,基线矩阵,Forum × writing_on_computer：常规单轮输入-输出,前景场=Forum（public_many / remote / async / persistent / weak / public / background / casual）；活动=writing_on_computer（深度写作，输入稀疏，可中断性低，通常 anchored）；无故障；若为 co_located 则 place_id 已匹配。,t0 普通新帖/回复进入 public_many 场；t1 visibleSlice 只给摘要；t2 async+background 使多数活动仅缓冲或下次唤醒时看到；t3 主动浏览时 post/reply。,通过,E_FIELD + E_OPS + E_COMBO,,Forum 的弱任务绑定、background 注意力与 persistent 生命周期能支撑该常规流。
N004,正常,基线矩阵,Forum × thinking_deep：常规单轮输入-输出,前景场=Forum（public_many / remote / async / persistent / weak / public / background / casual）；活动=thinking_deep（深度思考，urgent_only，输出低，anchored）；无故障；若为 co_located 则 place_id 已匹配。,t0 普通新帖/回复进入 public_many 场；t1 visibleSlice 只给摘要；t2 async+background 使多数活动仅缓冲或下次唤醒时看到；t3 主动浏览时 post/reply。,通过,E_FIELD + E_OPS + E_COMBO,,Forum 的弱任务绑定、background 注意力与 persistent 生命周期能支撑该常规流。
N005,正常,基线矩阵,Forum × resting：常规单轮输入-输出,前景场=Forum（public_many / remote / async / persistent / weak / public / background / casual）；活动=resting（休息，低输出，唤醒门槛升高）；无故障；若为 co_located 则 place_id 已匹配。,t0 普通新帖/回复进入 public_many 场；t1 visibleSlice 只给摘要；t2 async+background 使多数活动仅缓冲或下次唤醒时看到；t3 主动浏览时 post/reply。,通过,E_FIELD + E_OPS + E_COMBO,,Forum 的弱任务绑定、background 注意力与 persistent 生命周期能支撑该常规流。
N006,正常,基线矩阵,Forum × exercising：常规单轮输入-输出,前景场=Forum（public_many / remote / async / persistent / weak / public / background / casual）；活动=exercising（运动，身体占用高，外部输入低频）；无故障；若为 co_located 则 place_id 已匹配。,t0 普通新帖/回复进入 public_many 场；t1 visibleSlice 只给摘要；t2 async+background 使多数活动仅缓冲或下次唤醒时看到；t3 主动浏览时 post/reply。,通过,E_FIELD + E_OPS + E_COMBO,,Forum 的弱任务绑定、background 注意力与 persistent 生命周期能支撑该常规流。
N007,正常,基线矩阵,Forum × recovering：常规单轮输入-输出,前景场=Forum（public_many / remote / async / persistent / weak / public / background / casual）；活动=recovering（恢复态，P0/P1 生存规则优先，consuming 活动受限）；无故障；若为 co_located 则 place_id 已匹配。,t0 普通新帖/回复进入 public_many 场；t1 visibleSlice 只给摘要；t2 async+background 使多数活动仅缓冲或下次唤醒时看到；t3 主动浏览时 post/reply。,通过,E_FIELD + E_OPS + E_COMBO,,Forum 的弱任务绑定、background 注意力与 persistent 生命周期能支撑该常规流。
N008,正常,基线矩阵,Online Group Chat × using_phone：常规单轮输入-输出,前景场=Online Group Chat（group / remote / stream / persistent / weak / members_only / engaged / conventional）；活动=using_phone（手机交互，输入开放较高，可移动）；无故障；若为 co_located 则 place_id 已匹配。,t0 群消息到达；t1 priorityOf 由 engaged 与是否 mention 决定；t2 using_phone/computer 可直接感知，深写/深思/休息多缓冲；t3 输出为群消息/mention/附件。,通过,E_FIELD + E_OPS + E_COMBO + E_ACTIVITY,,群聊门控总体闭环；但 exercising/recovering/resting 等活动与群聊的细粒度耦合主要靠 RuntimeEnvelope 外推。
N009,正常,基线矩阵,Online Group Chat × using_computer：常规单轮输入-输出,前景场=Online Group Chat（group / remote / stream / persistent / weak / members_only / engaged / conventional）；活动=using_computer（电脑交互，中等开放，中等输出）；无故障；若为 co_located 则 place_id 已匹配。,t0 群消息到达；t1 priorityOf 由 engaged 与是否 mention 决定；t2 using_phone/computer 可直接感知，深写/深思/休息多缓冲；t3 输出为群消息/mention/附件。,通过,E_FIELD + E_OPS + E_COMBO + E_ACTIVITY,,群聊门控总体闭环；但 exercising/recovering/resting 等活动与群聊的细粒度耦合主要靠 RuntimeEnvelope 外推。
N010,正常,基线矩阵,Online Group Chat × writing_on_computer：常规单轮输入-输出,前景场=Online Group Chat（group / remote / stream / persistent / weak / members_only / engaged / conventional）；活动=writing_on_computer（深度写作，输入稀疏，可中断性低，通常 anchored）；无故障；若为 co_located 则 place_id 已匹配。,t0 群消息到达；t1 priorityOf 由 engaged 与是否 mention 决定；t2 using_phone/computer 可直接感知，深写/深思/休息多缓冲；t3 输出为群消息/mention/附件。,通过,E_FIELD + E_OPS + E_COMBO + E_ACTIVITY,,群聊门控总体闭环；但 exercising/recovering/resting 等活动与群聊的细粒度耦合主要靠 RuntimeEnvelope 外推。
N011,正常,基线矩阵,Online Group Chat × thinking_deep：常规单轮输入-输出,前景场=Online Group Chat（group / remote / stream / persistent / weak / members_only / engaged / conventional）；活动=thinking_deep（深度思考，urgent_only，输出低，anchored）；无故障；若为 co_located 则 place_id 已匹配。,t0 群消息到达；t1 priorityOf 由 engaged 与是否 mention 决定；t2 using_phone/computer 可直接感知，深写/深思/休息多缓冲；t3 输出为群消息/mention/附件。,通过,E_FIELD + E_OPS + E_COMBO + E_ACTIVITY,,群聊门控总体闭环；但 exercising/recovering/resting 等活动与群聊的细粒度耦合主要靠 RuntimeEnvelope 外推。
N012,正常,基线矩阵,Online Group Chat × resting：常规单轮输入-输出,前景场=Online Group Chat（group / remote / stream / persistent / weak / members_only / engaged / conventional）；活动=resting（休息，低输出，唤醒门槛升高）；无故障；若为 co_located 则 place_id 已匹配。,t0 群消息到达；t1 priorityOf 由 engaged 与是否 mention 决定；t2 using_phone/computer 可直接感知，深写/深思/休息多缓冲；t3 输出为群消息/mention/附件。,部分通过,E_FIELD + E_OPS + E_COMBO + E_ACTIVITY,I11,群聊门控总体闭环；但 exercising/recovering/resting 等活动与群聊的细粒度耦合主要靠 RuntimeEnvelope 外推。
N013,正常,基线矩阵,Online Group Chat × exercising：常规单轮输入-输出,前景场=Online Group Chat（group / remote / stream / persistent / weak / members_only / engaged / conventional）；活动=exercising（运动，身体占用高，外部输入低频）；无故障；若为 co_located 则 place_id 已匹配。,t0 群消息到达；t1 priorityOf 由 engaged 与是否 mention 决定；t2 using_phone/computer 可直接感知，深写/深思/休息多缓冲；t3 输出为群消息/mention/附件。,部分通过,E_FIELD + E_OPS + E_COMBO + E_ACTIVITY,I11,群聊门控总体闭环；但 exercising/recovering/resting 等活动与群聊的细粒度耦合主要靠 RuntimeEnvelope 外推。
N014,正常,基线矩阵,Online Group Chat × recovering：常规单轮输入-输出,前景场=Online Group Chat（group / remote / stream / persistent / weak / members_only / engaged / conventional）；活动=recovering（恢复态，P0/P1 生存规则优先，consuming 活动受限）；无故障；若为 co_located 则 place_id 已匹配。,t0 群消息到达；t1 priorityOf 由 engaged 与是否 mention 决定；t2 using_phone/computer 可直接感知，深写/深思/休息多缓冲；t3 输出为群消息/mention/附件。,部分通过,E_FIELD + E_OPS + E_COMBO + E_ACTIVITY,I11,群聊门控总体闭环；但 exercising/recovering/resting 等活动与群聊的细粒度耦合主要靠 RuntimeEnvelope 外推。
N015,正常,基线矩阵,Remote Direct Chat × using_phone：常规单轮输入-输出,前景场=Remote Direct Chat（dyadic / remote / stream / persistent / weak / members_only / engaged / conventional）；活动=using_phone（手机交互，输入开放较高，可移动）；无故障；若为 co_located 则 place_id 已匹配。,t0 一对一消息到达；t1 dyadic+engaged 使 direct/mention 级事件更易跨阈值；t2 低开放活动可延迟但不应丢失；t3 回复写回对应 context。,通过,E_FIELD + E_OPS + E_COMBO,,一对一直聊是当前规范里支持度最高的通信形态之一。
N016,正常,基线矩阵,Remote Direct Chat × using_computer：常规单轮输入-输出,前景场=Remote Direct Chat（dyadic / remote / stream / persistent / weak / members_only / engaged / conventional）；活动=using_computer（电脑交互，中等开放，中等输出）；无故障；若为 co_located 则 place_id 已匹配。,t0 一对一消息到达；t1 dyadic+engaged 使 direct/mention 级事件更易跨阈值；t2 低开放活动可延迟但不应丢失；t3 回复写回对应 context。,通过,E_FIELD + E_OPS + E_COMBO,,一对一直聊是当前规范里支持度最高的通信形态之一。
N017,正常,基线矩阵,Remote Direct Chat × writing_on_computer：常规单轮输入-输出,前景场=Remote Direct Chat（dyadic / remote / stream / persistent / weak / members_only / engaged / conventional）；活动=writing_on_computer（深度写作，输入稀疏，可中断性低，通常 anchored）；无故障；若为 co_located 则 place_id 已匹配。,t0 一对一消息到达；t1 dyadic+engaged 使 direct/mention 级事件更易跨阈值；t2 低开放活动可延迟但不应丢失；t3 回复写回对应 context。,通过,E_FIELD + E_OPS + E_COMBO,,一对一直聊是当前规范里支持度最高的通信形态之一。
N018,正常,基线矩阵,Remote Direct Chat × thinking_deep：常规单轮输入-输出,前景场=Remote Direct Chat（dyadic / remote / stream / persistent / weak / members_only / engaged / conventional）；活动=thinking_deep（深度思考，urgent_only，输出低，anchored）；无故障；若为 co_located 则 place_id 已匹配。,t0 一对一消息到达；t1 dyadic+engaged 使 direct/mention 级事件更易跨阈值；t2 低开放活动可延迟但不应丢失；t3 回复写回对应 context。,通过,E_FIELD + E_OPS + E_COMBO,,一对一直聊是当前规范里支持度最高的通信形态之一。
N019,正常,基线矩阵,Remote Direct Chat × resting：常规单轮输入-输出,前景场=Remote Direct Chat（dyadic / remote / stream / persistent / weak / members_only / engaged / conventional）；活动=resting（休息，低输出，唤醒门槛升高）；无故障；若为 co_located 则 place_id 已匹配。,t0 一对一消息到达；t1 dyadic+engaged 使 direct/mention 级事件更易跨阈值；t2 低开放活动可延迟但不应丢失；t3 回复写回对应 context。,通过,E_FIELD + E_OPS + E_COMBO,,一对一直聊是当前规范里支持度最高的通信形态之一。
N020,正常,基线矩阵,Remote Direct Chat × exercising：常规单轮输入-输出,前景场=Remote Direct Chat（dyadic / remote / stream / persistent / weak / members_only / engaged / conventional）；活动=exercising（运动，身体占用高，外部输入低频）；无故障；若为 co_located 则 place_id 已匹配。,t0 一对一消息到达；t1 dyadic+engaged 使 direct/mention 级事件更易跨阈值；t2 低开放活动可延迟但不应丢失；t3 回复写回对应 context。,通过,E_FIELD + E_OPS + E_COMBO,,一对一直聊是当前规范里支持度最高的通信形态之一。
N021,正常,基线矩阵,Remote Direct Chat × recovering：常规单轮输入-输出,前景场=Remote Direct Chat（dyadic / remote / stream / persistent / weak / members_only / engaged / conventional）；活动=recovering（恢复态，P0/P1 生存规则优先，consuming 活动受限）；无故障；若为 co_located 则 place_id 已匹配。,t0 一对一消息到达；t1 dyadic+engaged 使 direct/mention 级事件更易跨阈值；t2 低开放活动可延迟但不应丢失；t3 回复写回对应 context。,通过,E_FIELD + E_OPS + E_COMBO,,一对一直聊是当前规范里支持度最高的通信形态之一。
N022,正常,基线矩阵,Co-located Conversation × using_phone：常规单轮输入-输出,前景场=Co-located Conversation（small / co_located / live / ephemeral / weak / members_only / engaged / conventional）；活动=using_phone（手机交互，输入开放较高，可移动）；无故障；若为 co_located 则 place_id 已匹配。,t0 physical_location 与 context.place_id 对齐；t1 本地对话/近身事件经 place_id 注入；t2 若前景另有所属则按物理场+前景场动作并集处理；t3 可说话/点头/不回复。,通过,E_FIELD + E_LOCAL + E_COMBO,,co_located + place_id + 动作并集可闭环；但 recovering 下更强本地强制事件细则仍偏粗。
N023,正常,基线矩阵,Co-located Conversation × using_computer：常规单轮输入-输出,前景场=Co-located Conversation（small / co_located / live / ephemeral / weak / members_only / engaged / conventional）；活动=using_computer（电脑交互，中等开放，中等输出）；无故障；若为 co_located 则 place_id 已匹配。,t0 physical_location 与 context.place_id 对齐；t1 本地对话/近身事件经 place_id 注入；t2 若前景另有所属则按物理场+前景场动作并集处理；t3 可说话/点头/不回复。,通过,E_FIELD + E_LOCAL + E_COMBO,,co_located + place_id + 动作并集可闭环；但 recovering 下更强本地强制事件细则仍偏粗。
N024,正常,基线矩阵,Co-located Conversation × writing_on_computer：常规单轮输入-输出,前景场=Co-located Conversation（small / co_located / live / ephemeral / weak / members_only / engaged / conventional）；活动=writing_on_computer（深度写作，输入稀疏，可中断性低，通常 anchored）；无故障；若为 co_located 则 place_id 已匹配。,t0 physical_location 与 context.place_id 对齐；t1 本地对话/近身事件经 place_id 注入；t2 若前景另有所属则按物理场+前景场动作并集处理；t3 可说话/点头/不回复。,通过,E_FIELD + E_LOCAL + E_COMBO,,co_located + place_id + 动作并集可闭环；但 recovering 下更强本地强制事件细则仍偏粗。
N025,正常,基线矩阵,Co-located Conversation × thinking_deep：常规单轮输入-输出,前景场=Co-located Conversation（small / co_located / live / ephemeral / weak / members_only / engaged / conventional）；活动=thinking_deep（深度思考，urgent_only，输出低，anchored）；无故障；若为 co_located 则 place_id 已匹配。,t0 physical_location 与 context.place_id 对齐；t1 本地对话/近身事件经 place_id 注入；t2 若前景另有所属则按物理场+前景场动作并集处理；t3 可说话/点头/不回复。,通过,E_FIELD + E_LOCAL + E_COMBO,,co_located + place_id + 动作并集可闭环；但 recovering 下更强本地强制事件细则仍偏粗。
N026,正常,基线矩阵,Co-located Conversation × resting：常规单轮输入-输出,前景场=Co-located Conversation（small / co_located / live / ephemeral / weak / members_only / engaged / conventional）；活动=resting（休息，低输出，唤醒门槛升高）；无故障；若为 co_located 则 place_id 已匹配。,t0 physical_location 与 context.place_id 对齐；t1 本地对话/近身事件经 place_id 注入；t2 若前景另有所属则按物理场+前景场动作并集处理；t3 可说话/点头/不回复。,通过,E_FIELD + E_LOCAL + E_COMBO,,co_located + place_id + 动作并集可闭环；但 recovering 下更强本地强制事件细则仍偏粗。
N027,正常,基线矩阵,Co-located Conversation × exercising：常规单轮输入-输出,前景场=Co-located Conversation（small / co_located / live / ephemeral / weak / members_only / engaged / conventional）；活动=exercising（运动，身体占用高，外部输入低频）；无故障；若为 co_located 则 place_id 已匹配。,t0 physical_location 与 context.place_id 对齐；t1 本地对话/近身事件经 place_id 注入；t2 若前景另有所属则按物理场+前景场动作并集处理；t3 可说话/点头/不回复。,通过,E_FIELD + E_LOCAL + E_COMBO,,co_located + place_id + 动作并集可闭环；但 recovering 下更强本地强制事件细则仍偏粗。
N028,正常,基线矩阵,Co-located Conversation × recovering：常规单轮输入-输出,前景场=Co-located Conversation（small / co_located / live / ephemeral / weak / members_only / engaged / conventional）；活动=recovering（恢复态，P0/P1 生存规则优先，consuming 活动受限）；无故障；若为 co_located 则 place_id 已匹配。,t0 physical_location 与 context.place_id 对齐；t1 本地对话/近身事件经 place_id 注入；t2 若前景另有所属则按物理场+前景场动作并集处理；t3 可说话/点头/不回复。,部分通过,E_FIELD + E_LOCAL + E_COMBO,I16,co_located + place_id + 动作并集可闭环；但 recovering 下更强本地强制事件细则仍偏粗。
N029,正常,基线矩阵,Focused Task Session × using_phone：常规单轮输入-输出,前景场=Focused Task Session（small/group / co_located|remote / live|stream / bounded / strong / members_only / focused|locked / formal|binding）；活动=using_phone（手机交互，输入开放较高，可移动）；无故障；若为 co_located 则 place_id 已匹配。,t0 bounded/strong 场已具 agenda、roles、pending_obligations；t1 活动决定输入门控，场决定 deadline/obligation/allowed actions；t2 正常执行 agenda；t3 满足 closeCondition 后 conclude/close。,通过,E_FIELD + E_OBL + E_COMBO + E_ACTIVITY,,强任务会场与高专注活动相容；resting/exercising/recovering 虽可表示，但业务语义较弱。
N030,正常,基线矩阵,Focused Task Session × using_computer：常规单轮输入-输出,前景场=Focused Task Session（small/group / co_located|remote / live|stream / bounded / strong / members_only / focused|locked / formal|binding）；活动=using_computer（电脑交互，中等开放，中等输出）；无故障；若为 co_located 则 place_id 已匹配。,t0 bounded/strong 场已具 agenda、roles、pending_obligations；t1 活动决定输入门控，场决定 deadline/obligation/allowed actions；t2 正常执行 agenda；t3 满足 closeCondition 后 conclude/close。,通过,E_FIELD + E_OBL + E_COMBO + E_ACTIVITY,,强任务会场与高专注活动相容；resting/exercising/recovering 虽可表示，但业务语义较弱。
N031,正常,基线矩阵,Focused Task Session × writing_on_computer：常规单轮输入-输出,前景场=Focused Task Session（small/group / co_located|remote / live|stream / bounded / strong / members_only / focused|locked / formal|binding）；活动=writing_on_computer（深度写作，输入稀疏，可中断性低，通常 anchored）；无故障；若为 co_located 则 place_id 已匹配。,t0 bounded/strong 场已具 agenda、roles、pending_obligations；t1 活动决定输入门控，场决定 deadline/obligation/allowed actions；t2 正常执行 agenda；t3 满足 closeCondition 后 conclude/close。,通过,E_FIELD + E_OBL + E_COMBO + E_ACTIVITY,,强任务会场与高专注活动相容；resting/exercising/recovering 虽可表示，但业务语义较弱。
N032,正常,基线矩阵,Focused Task Session × thinking_deep：常规单轮输入-输出,前景场=Focused Task Session（small/group / co_located|remote / live|stream / bounded / strong / members_only / focused|locked / formal|binding）；活动=thinking_deep（深度思考，urgent_only，输出低，anchored）；无故障；若为 co_located 则 place_id 已匹配。,t0 bounded/strong 场已具 agenda、roles、pending_obligations；t1 活动决定输入门控，场决定 deadline/obligation/allowed actions；t2 正常执行 agenda；t3 满足 closeCondition 后 conclude/close。,通过,E_FIELD + E_OBL + E_COMBO + E_ACTIVITY,,强任务会场与高专注活动相容；resting/exercising/recovering 虽可表示，但业务语义较弱。
N033,正常,基线矩阵,Focused Task Session × resting：常规单轮输入-输出,前景场=Focused Task Session（small/group / co_located|remote / live|stream / bounded / strong / members_only / focused|locked / formal|binding）；活动=resting（休息，低输出，唤醒门槛升高）；无故障；若为 co_located 则 place_id 已匹配。,t0 bounded/strong 场已具 agenda、roles、pending_obligations；t1 活动决定输入门控，场决定 deadline/obligation/allowed actions；t2 正常执行 agenda；t3 满足 closeCondition 后 conclude/close。,部分通过,E_FIELD + E_OBL + E_COMBO + E_ACTIVITY,I17,强任务会场与高专注活动相容；resting/exercising/recovering 虽可表示，但业务语义较弱。
N034,正常,基线矩阵,Focused Task Session × exercising：常规单轮输入-输出,前景场=Focused Task Session（small/group / co_located|remote / live|stream / bounded / strong / members_only / focused|locked / formal|binding）；活动=exercising（运动，身体占用高，外部输入低频）；无故障；若为 co_located 则 place_id 已匹配。,t0 bounded/strong 场已具 agenda、roles、pending_obligations；t1 活动决定输入门控，场决定 deadline/obligation/allowed actions；t2 正常执行 agenda；t3 满足 closeCondition 后 conclude/close。,部分通过,E_FIELD + E_OBL + E_COMBO + E_ACTIVITY,I17,强任务会场与高专注活动相容；resting/exercising/recovering 虽可表示，但业务语义较弱。
N035,正常,基线矩阵,Focused Task Session × recovering：常规单轮输入-输出,前景场=Focused Task Session（small/group / co_located|remote / live|stream / bounded / strong / members_only / focused|locked / formal|binding）；活动=recovering（恢复态，P0/P1 生存规则优先，consuming 活动受限）；无故障；若为 co_located 则 place_id 已匹配。,t0 bounded/strong 场已具 agenda、roles、pending_obligations；t1 活动决定输入门控，场决定 deadline/obligation/allowed actions；t2 正常执行 agenda；t3 满足 closeCondition 后 conclude/close。,部分通过,E_FIELD + E_OBL + E_COMBO + E_ACTIVITY,I17,强任务会场与高专注活动相容；resting/exercising/recovering 虽可表示，但业务语义较弱。
N036,正常,工作恢复,电话打断深度写作后出栈恢复,前景为写作文档对应 context；来电作为高优事件进入。,t0 pushForeground(电话)；t1 通话结束；t2 popForeground 恢复原写作帧与 resume_token；t3 继续写作。,通过,E_INDEX + E_ACTIVITY + E_COMBO,,ForegroundStack 与 ActivityInstance.resume_token 明确支持此类恢复。
N037,正常,工作恢复,会议中切到群聊查看被@后回到会议,物理位于会议室，前景为会议；群聊 mention 到达。,t0 mention 作为 external 到达；t1 若超过门槛则 pushForeground(群聊)；t2 处理后 pop 返回会议。,通过,E_LOCAL + E_COMBO + E_INDEX,,ForegroundStack 的核心用例。
N038,正常,工作恢复,无前景场散步时收到私聊,foreground=null；活动=resting/散步。,t0 direct chat 走 external；t1 是否唤醒只由活动+baseline attention 决定；t2 若响应则创建新前景帧。,通过,E_COMBO + E_INDEX,,文档明确 foreground=null 为合法状态。
N039,正常,写回,普通回复消息只更新 context，不必都入 durable ledger,direct chat 正常往返。,t0 收到消息；t1 回复；t2 更新 context.messages；t3 若无 durable 语义，仅作普通状态物化。,部分通过,E_OPS + E_COMBO,I04,哪些普通交互必须 durable 仍未完全界定。
N040,正常,写回,完成 agenda item 的正常写回,bounded session 中完成 agenda item。,t0 执行任务；t1 updateAgendaItem(expected_version) 成功；t2 版本+1；t3 若 obligations 完成则 closeCondition 通过。,通过,E_CONCUR + E_OBL + E_COMBO,,agenda 乐观锁与 closeCondition 足以支撑正常完成流。
N041,正常,写回,普通通知折叠,同一群聊 5 秒窗口内连续 3 条 ambient。,t0 通知进入 pending；t1 collapse_key 相同；t2 archive 原始通知并生成摘要。,通过,E_STORM + E_INDEX,,通知折叠与归档链条在正常流有效。
N042,正常,写回,通知 TTL 到期后过期,一条提醒通知带 ttl_sec。,t0 通知进入 pending；t1 未被处理；t2 TTL 到期后标记 expired，不再 assemble。,部分通过,E_INDEX + E_STORM,I13,总索引规定 TTL 与终局，但清扫器的统一执行路径仍未在所有文档完全闭合。
N043,正常,写回,bounded session 正常 conclude/close,会议完成所有 agenda 与 obligations。,t0 active；t1 所有 obligation=satisfied；t2 closeCondition=true；t3 生成 conclusion 并 close。,通过,E_FIELD + E_OBL + E_CLOSE,,bounded 场闭合逻辑较清晰。
N044,正常,写回,ContextClosedEvent 正常广播到所有参与者,一个 bounded context 正常关闭。,t0 status=closed；t1 广播 ContextClosedEvent；t2 清理通知/active_key/前景引用；t3 参与者收到 system 通知。,部分通过,E_CLOSE + E_INDEX,I03,目标正确，但正文仍残留 foreground_field_id 单值写法。
N045,正常,活动,recovering 状态缓慢回能,energy=10，活动=recovering。,t0 time-driven evolution；t1 energy 增长；t2 仍受 recovery_lock/输出降级约束；t3 到安全线后解锁。,通过,E_ENERGY + E_ACTIVITY,,P0 生存规则较完备。
N046,正常,活动,resting 半小时后收到 mention,activity=resting，foreground=null。,t0 mention 到达；t1 依 baseline + resting 门槛决定是否醒；t2 若不醒则留在 pending；t3 下次 wakeup 再看。,通过,E_COMBO + E_ACTIVITY,,foreground=null + external 路径闭环良好。
N047,正常,活动,recovering 完成后重新进入 using_computer,energy 由 35 恢复；recovery_lock=false。,t0 scheduler 允许切换；t1 current_activity 更新；t2 写回 reservation/object_ref；t3 输出带宽回 normal。,通过,E_ENERGY + E_ACTIVITY + E_INDEX,,迟滞锁解锁后可回到正常活动。
N048,正常,活动,写作保留窗口内拒绝低优中断,current_activity.reservation_until 尚未到期。,t0 ambient 群消息到达；t1 interrupt gate 拒绝；t2 通知缓冲；t3 过保留期后再处理。,通过,E_ACTIVITY + E_COMBO,,reservation 是 ActivityInstance 明确字段。
N049,正常,活动,思考状态 object_ref 绑定议题,activity=thinking_deep。,"t0 object_ref=""topic:system_architecture""；t1 输出为草图/笔记；t2 writeback_policy=normal 或 task_bound。",通过,E_ACTIVITY + E_INDEX,,ActivityInstance 补齐了 object 语义。
N050,正常,活动,电脑写作时自动绑定当前文档,activity=writing_on_computer。,t0 进入活动；t1 object_ref 绑定 doc；t2 回复消息时 object_ref 保持；t3 保存文档后继续。,部分通过,E_ACTIVITY + E_INDEX,I01,current_object_ref 顶层与 ActivityInstance.object_ref 并存残留，表达仍不统一。
N051,正常,活动,运动状态只处理 urgent call,activity=exercising。,t0 ambient/group 被过滤；t1 call 上调到 direct；t2 超过门槛则唤醒。,通过,E_OPS + E_COMBO + E_ACTIVITY,,modality=call 的上调规则明确。
N052,正常,本地场,会议室里被点名发言,physical_location=room_1，place_id 匹配，前景可能在电脑。,t0 点名作为 local direct/urgent 事件；t1 动作并集允许 speak_in_physical_room；t2 若需要可切前景。,部分通过,E_LOCAL + E_COMBO,I16,低头族悖论已部分修补，但更强身体级强制规则尚未形式化。
N053,正常,本地场,同屋闲聊时可无前景场直接回应,co_located conversation，foreground=null。,t0 同屋成员说话；t1 visibleSlice 依据 place_id 呈现；t2 allowedActions 包含 speak/gesture。,通过,E_FIELD + E_LOCAL + E_COMBO,,物理场动作并集的正常例子。
N054,正常,本地场,离开会议室后本地场消失,physical_location 从 room_1 变 hallway。,t0 LocationChanged；t1 不再满足 place_id；t2 本地可见性与本地动作消失；t3 只剩数字前景规则。,通过,E_FIELD + E_OPS + E_LOCAL,,place_id 机制在正常离场流中清晰。
N055,正常,本地场,进入会议室自动获得可见性而非自动抢前景,agent 走进已存在会议场。,t0 进入 place_id；t1 visibleSlice 可见该场；t2 是否 pushForeground 取决于门槛。,通过,E_FIELD + E_OPS + E_COMBO,,进入物理场不等于强切前景。
N056,正常,义务,binding 场创建一条待答复义务,focused session 中主持人分配任务。,t0 pending_obligations 新增 token；t1 owner 收到 direct/urgent 提醒；t2 assemble 保证自身 obligations 优先注入。,通过,E_FIELD + E_OBL + E_INDEX,,normative_force→pending_obligations 的闭环明确。
N057,正常,义务,owner 正常 satisfy obligation,owner 提交结果。,t0 satisfyObligation CAS 检查 pending；t1 状态变 satisfied；t2 closeCondition 更接近通过。,通过,E_CONCUR + E_OBL,,obligation 正常完成链清楚。
N058,正常,义务,deadline 前的提醒升级,obligation 有 due_at。,t0 接近 due_at；t1 priority 上调；t2 owner 收到提醒；t3 正常完成。,通过,E_OBL + E_OPS,,deadline 与 normative_force 在正常时限管理中可用。
N059,正常,义务,host 仲裁后重新分配任务,原 owner 忙碌但 host 存在。,t0 overdue；t1 tryReassignObligations 选择同角色候选；t2 新 owner 接收 direct 通知；t3 继续推进。,通过,E_OBL + E_COMBO,,正常仲裁链较完整。
N060,正常,义务,session 正常关闭后 obligation 归档,所有待办清空后 close。,t0 close；t1 archived_obligations 整理；t2 context 进入 archived/closed。,通过,E_CLOSE + E_OBL + E_COMBO,,生命周期管理支持正常收尾。
N061,正常,工程,duplicate notification 正常幂等去重,同一通知被重复 enqueue 两次。,t0 第二次入队；t1 enqueueNotificationIdempotent 检测已存在；t2 跳过。,通过,E_OPS,,通知幂等在正常重复投递场景下明确。
N062,正常,工程,recent messages 保证最小因果窗口,回复指定 sinceMessageId。,t0 assembleWithCausalOrder 查找起点；t1 自动补前 3 条上下文；t2 LLM 看到最小因果窗口。,通过,E_OPS,,因果窗口逻辑清晰。
N063,正常,工程,系统重启后错峰唤醒,夜间维护重启，许多 next_wakeup 已过期。,t0 restart；t1 对过期 wakeup 加 jitter；t2 避免同时苏醒；t3 回到常规调度。,部分通过,E_RESTART,I18,目标正确，但重启恢复段仍残留旧字段命名。
N064,正常,工程,Append-only messages 正常并发追加,两个 agent 同时发消息到同一 context。,t0 两条消息追加；t1 append-only 无冲突；t2 recent messages 可见。,通过,E_CONCUR + E_OPS,,messages 的并发语义最清楚。
N065,正常,工程,agenda 乐观锁冲突后重试成功,两人同时更新同一 agenda item。,t0 第二个写入版本不匹配；t1 得到 conflict；t2 重新拉取再写。,通过,E_CONCUR,,标准乐观锁正常路径。
N066,正常,工程,sleep_debt 在下一次睡眠中部分偿还,前一夜少睡 2h。,t0 onExitSleeping 累积债务；t1 adjustedSleepDuration 增加 2h；t2 恢复后债务下降。,通过,E_SLEEP,,sleep_debt 是较完整的正常恢复机制。
N067,正常,工程,recovering 期间 urgent-only 唤醒,恢复态但收到系统 urgent alarm。,t0 canWakeupWithSleepProtection 计算门槛；t1 urgent 警报穿透；t2 仍保持低输出带宽。,通过,E_SLEEP + E_ENERGY,,恢复态不是绝对不可打断。
N068,正常,工程,current_activity 作为唯一活动真源使用,scheduler 读取 current_activity.profile/object_ref。,t0 current_activity 存在；t1 组合规则读取其 profile 与 reservation；t2 继续执行。,部分通过,E_ACTIVITY + E_INDEX,I01,元文档已定 current_activity 为权威，但若干正文仍引用 activity_profile。
N069,正常,工程,Notification collapse_key 正常合并一批群提醒,同 context 的 mention 通知在时间窗内到达。,t0 进入 pending；t1 collapse_key 相同；t2 合并成一条 surfaced 摘要。,通过,E_INDEX + E_STORM,,适合常规大群场景。
N070,正常,工程,角色权限正常允许 host 关闭会场,host 在 bounded session 末尾关闭。,t0 allowedActions 对 host 返回 conclude/close；t1 触发 closeCondition；t2 关闭成功。,部分通过,E_FIELD + E_OPS + E_INDEX,I17,roles 已承载权限，但 allowedActions 与 roles 的精确矩阵仍需更细。
N071,正常,恢复,soft no-progress 提醒后人工继续推进,前景 bounded 场 5 tick 无进展，但仍可恢复。,t0 触发 soft Urgent_Timeout；t1 agent 看到提醒；t2 更新 agenda 或发推进消息；t3 场恢复活性。,通过,E_OBL + E_COMBO,,N-tick 机制可在未进入严格逃生前作为恢复工具。
N072,正常,恢复,strict no-progress 后主动出栈换场,前景场长期停滞，topFrame.returnable 被改为 false。,t0 strict timeout；t1 得到 escape_permitted；t2 pop 当前帧；t3 转入其他工作。,通过,E_OBL + E_COMBO + E_INDEX,,严格超时后的逃生路径明确。
N073,正常,恢复,关闭场后自动返回前一工作帧,栈顶会场关闭，下一帧为写作文档。,t0 ContextClosedEvent 到达；t1 pop 关闭场帧；t2 恢复写作文档 frame。,部分通过,E_CLOSE + E_INDEX,I03,总索引要求如此，但正文 ContextClosedEvent 示例仍未完全升级为栈逻辑。
N074,正常,恢复,空前景下创建新 direct chat 帧,休息中主动回复私聊。,t0 foreground=null；t1 reply 被允许；t2 pushForeground(new direct chat)；t3 active_key=context:chat_x。,通过,E_COMBO + E_INDEX,,无前景场→新建前景帧路径成立。
N075,正常,恢复,call 结束后 notification 归档,电话处理完毕。,t0 call 通知 surfaced；t1 ack/处理；t2 归档通知；t3 resume_token 恢复原工作。,部分通过,E_ACTIVITY + E_INDEX,I13,通知终局与恢复令牌都存在，但专门的 call 生命周期仍未细写。
N076,正常,权限,成员可读但不能 conclude bounded session,普通成员非 host。,t0 visibleSlice 可读 agenda；t1 allowedActions 不应包含 close；t2 仅能 comment/submit。,部分通过,E_FIELD + E_OPS,I17,权限方向正确，但 allowedActions 与 roles 的绑定矩阵未完全展开。
N077,正常,权限,outsider join 请求进入 members_only 场,agent 不在 participants。,t0 visibleSlice 只见摘要或不可见；t1 allowedActions 允许 join_request；t2 host 决定是否接纳。,部分通过,E_FIELD + E_OPS,I17,join 类动作是间接表述，未形成完整状态机。
N078,正常,权限,public forum 无需 join 即可阅读摘要,public visibility。,t0 outsider 浏览 forum；t1 visibleSlice 提供摘要；t2 不会自动切为前景。,通过,E_FIELD + E_OPS,,public 场的读可见性较清晰。
N079,正常,权限,public forum 发帖后获得工作对象引用,using_computer 主动在 forum 发帖。,t0 post 动作；t1 object_ref 绑定 topic/thread；t2 后续回复沿同对象展开。,部分通过,E_ACTIVITY + E_FIELD,I01,对象绑定方向合理，但对象自动更新仍有旧字段残留。
N080,正常,权限,co_located 旁观者有物理可见性但无主持权,进入会议室旁观。,t0 可见同场事件；t1 无 host 角色；t2 allowedActions 不含 close/kick。,部分通过,E_FIELD + E_LOCAL + E_OPS,I17,读/在场与主持权限的区分是对的，但矩阵仍需更细。
N081,正常,多智能体,多人会议内 agenda 顺序推进,3 个 agent 分工协作。,t0 host 分配 agenda；t1 各自 satisfy/reply；t2 乐观锁更新 agenda；t3 关闭会议。,通过,E_OBL + E_CONCUR + E_COMBO,,这是当前体系希望支持的主线场景。
N082,正常,多智能体,同一群聊多个 agent 被 @ 后各自处理,group context 中 3 名 agent 被 mention。,t0 mention 生成多条通知；t1 各 agent 门控；t2 输出回复互不干扰；t3 消息 append-only。,通过,E_OPS + E_CONCUR + E_STORM,,群体通信的正常路径可跑通。
N083,正常,多智能体,一个 agent 缺席时任务重新分配给同角色候选,团队任务会议。,t0 owner 忙碌；t1 overdue；t2 选同角色候选；t3 会议继续。,通过,E_OBL + E_COMBO,,同角色替补路径已明确。
N084,正常,多智能体,主持人显式 waived 某 obligation,出现合理豁免。,t0 host 认为该项无需继续；t1 obligation.status=waived；t2 closeCondition 继续推进。,通过,E_OBL + E_FIELD,,义务状态机提供了 waived。
N085,正常,多智能体,一个 agent 同时在两个 persistent 群里，只处理栈顶与 urgent 外部,ForegroundStack 栈顶为群 A，群 B 仅做外部。,t0 A 为前景；t1 B 的普通消息不切栈；t2 B 的 urgent 可 push；t3 处理完返回 A。,通过,E_INDEX + E_COMBO,,单前景场配栈的设计目标成立。
N086,正常,调度,baseline attention 保持不变，活动只影响本轮门槛,writing_on_computer 中收到 ambient 群聊。,"t0 计算 effective threshold=max(baseline, field, input, interrupt)；t1 本轮不打断；t2 基线不写回。",部分通过,E_COMBO + E_FIELD,I02,原则写得很清楚，但后文仍存在 attention_policy 直接修改逻辑。
N087,正常,调度,wakeup_refractory_until 防止连续抢占,刚被 urgent alarm 唤醒。,t0 设置 refractory_until；t1 第二条近似 alarm 在窗口内被抑制；t2 窗口后恢复。,部分通过,E_ACTIVITY + E_INDEX,I13,字段存在，但完整操作语义与统一使用点未完全展开。
N088,正常,调度,foreground 切换冷却生效,短时间连续收到多条切场诱因。,t0 第一次 push 成功；t1 cooldown_until 生效；t2 非 P0 第二次切换被拒。,通过,E_INDEX + E_COMBO,,前景抖动抑制规则较明确。
N089,正常,调度,reservation_until 保护专注窗口,写作保留未结束。,t0 direct 消息到达；t1 interrupt gate 拒绝；t2 reservation 到期后再看。,通过,E_ACTIVITY + E_COMBO,,ActivityInstance 直接支持。
N090,正常,调度,active_key 绑定 context 并提高相关记忆注入,当前工作与一个会议 context 绑定。,t0 active_key=context:x；t1 assembleMemory 优先相关记忆；t2 输出更聚焦。,通过,E_ACTIVITY + E_COMBO,,active_key 与 memory relevance 的关系清楚。
N091,正常,调度,task_bound 写回优先 context 相关记忆,bounded 场内做任务。,t0 task_bound 活动产生观察；t1 写回 context:* 相关 durable/long 记忆；t2 非相关闲聊被降级。,部分通过,E_ACTIVITY + E_WRITE,I04,writeback_policy 已显式化，但 durable 边界和执行规则仍不够细。
N092,正常,调度,system P0 override 强制切 recovering,energy=0。,t0 LLM 想继续 highly_consuming；t1 P0 覆盖；t2 force_activity=recovering。,通过,E_ENERGY + E_COMBO + E_INDEX,,P0>P2/P3/P4 层级清楚。
N093,正常,调度,恢复到 SAFE_ENERGY 后解锁,energy 从 0 回升到 30。,t0 recovery_lock=true；t1 energy>=30；t2 解除锁；t3 可再次承担 consuming。,通过,E_ENERGY,,迟滞锁闭环完整。
N094,正常,调度,soft overload 下转为摘要通知,公共大场消息频繁。,t0 overload_mode=degraded；t1 collapse/batch 优先；t2 仅保留摘要 surfaced。,部分通过,E_INDEX + E_STORM,I06,overload_mode 已声明但具体切换策略仍不足。
N095,正常,持久化,WriteEvent-first 的正常 durable 写回,发送一个必须长期记住的承诺。,t0 先 commit WriteEvent；t1 再 materialize；t2 snapshot 后可恢复。,通过,E_WRITE,,durable 写回原则清晰。
N096,正常,持久化,崩溃后 replay 最近未应用事件,刚写入 ledger 尚未 materialize 即崩溃。,t0 restart；t1 recoverFromCrash 读取 checkpoint 后事件；t2 应用未落地 patch。,通过,E_WRITE + E_RESTART,,这是文档中最清楚的工程闭环之一。
N097,正常,持久化,幂等 key 避免重复承诺写入,重试同一个 action_receipt。,t0 第二次 commit 遇到相同 idempotency_key；t1 跳过；t2 状态不重复。,通过,E_WRITE,,幂等约束明确。
N098,正常,持久化,persistent memory 超限时只保留相关 top-N,长期运行后 persistent 较多。,t0 assembleMemory 只取相关 top-10；t1 context window 不爆；t2 低相关项不注入。,通过,E_COMBO,,记忆装配的常规限制明确。
N099,正常,持久化,warm/cold message 分层读取,老群聊进入 warm/cold archive。,t0 live/stream 场读 hot；t1 async 场用 summarizeRecentPosts；t2 冷数据仅语义检索。,通过,E_COMBO,,messages 生命周期设计能支持长期运行。
N100,正常,持久化,snapshot 后快速恢复正常服务,系统定期创建 snapshot。,t0 checkpoint 完成；t1 故障后 recoverFromCrash 只回放 checkpoint 之后的事件；t2 服务快速恢复。,通过,E_WRITE + E_RESTART,,snapshot + replay 的正常恢复路径被明确描述。
E001,极端,通知风暴,public_many 场每秒上千条新帖同时到达,超大论坛/超大群，许多 agent 订阅。,t0 大量帖子涌入；t1 订阅模式使普通人只在下次 time-driven wakeup 看摘要；t2 局部高优 mention 仍会入队；t3 若无 admission/shed 细则，压力转移到 batch/collapse。,部分通过,E_STORM + E_INDEX,"I06,I13",有节流、折叠、TTL 与 overload_mode，但 overload_mode 的切换与全局 shed 规则不完整。
E002,极端,通知风暴,同一 agent 在 10 个群同时被 @,一个人瞬时收到多上下文 mention。,t0 多条 direct/mention 到达；t1 每 context 局部限流；t2 缺跨 context 全局预算；t3 agent 仍可能被高频唤醒。,部分通过,E_STORM + E_INDEX,I06,令牌桶是 agent×context 维度，跨 context 总预算未充分定义。
E003,极端,通知风暴,同一 urgent alarm 被不同服务重复投递 5 次,多上游重复报警。,t0 多条 alarm 到达；t1 若 id 相同则幂等去重；t2 若 id 不同但语义相同，则需靠 collapse_key/semantic_class；t3 未统一时仍会重复惊扰。,部分通过,E_OPS + E_INDEX,"I13,I15",结构支持幂等与折叠，但跨服务语义重复依赖外部约定。
E004,极端,通知风暴,连续 urgent + direct + mention 混合到达导致优先级倒挂,多源通知同窗口到达。,t0 不同优先级入队；t1 collapse 可能只保留最高优先摘要；t2 低优上下文被吞并。,部分通过,E_STORM + E_OPS,I13,折叠有利于稳定，但可能损失低优语义；文档未给保留下界。
E005,极端,通知风暴,call 与普通消息同时到达,一条 direct chat 消息与一通电话同时到达。,t0 event.modality=call 上调到 direct；t1 电话优先 push；t2 普通消息留在 pending。,通过,E_OPS + E_COMBO,,call 的 modality 提升规则清楚。
E006,极端,通知风暴,overload_mode 从 normal 切到 degraded 的阈值不明,系统全局繁忙。,t0 负载上升；t1 文档声明 overload_mode，但未明确指标阈值；t2 无法严格判定何时降级。,失败,E_INDEX + E_COMBO,I06,存在字段，没有完整状态机。
E007,极端,通知风暴,degraded 模式下哪些通知被 shed 不清,系统已过载。,t0 overload_mode=degraded；t1 需要选择丢 ambient 还是折叠；t2 文档未给完整 shed policy。,失败,E_INDEX + E_STORM,I06,只有方向，没有完整 admission/shed 规则。
E008,极端,通知风暴,group+forum 双 backlog 长期积压,agent 长时间未醒。,t0 backlog 累积；t1 assemble 只取 recent window/摘要；t2 老通知依赖 TTL/归档。,部分通过,E_STORM + E_COMBO + E_INDEX,I13,可通过窗口与 TTL 控制，但统一清扫器未完全落地。
E009,极端,通知风暴,ack_required 提醒永不 ack,一条 urgent notification 无人确认。,t0 surfaced；t1 长期 pending；t2 若 ttl_sec 存在则终局可到 expired/archived；t3 若无 ttl 则悬挂。,部分通过,E_INDEX + E_STORM,I13,元文档要求终局，但 enforcement 仍是实现项。
E010,极端,通知风暴,同一 collapse_key 下混入不同 source_field_id,多上下文合并风险。,t0 两个场发来相似提醒；t1 若 collapse_key 设计不当则误合并；t2 语义串场。,部分通过,E_INDEX + E_STORM,I13,文档提供 collapse_key，但未定义跨 field 合并禁则。
E011,极端,通知风暴,wakeup_refractory_until 与 urgent alarm 冲突,刚被 alarm 唤醒后又来 alarm。,t0 进入 refractory；t1 第二条 alarm 应否穿透？；t2 字段存在但统一策略未细写。,部分通过,E_ACTIVITY + E_INDEX,I13,需补 urgent 在 refractory 中的例外矩阵。
E012,极端,通知风暴,恶意机器人每秒 @ 全员,group 场 actor 侧恶意 mention。,t0 mention 全量上调优先级；t1 接收侧限流生效；t2 发送侧/actor 侧无强约束。,部分通过,E_STORM + E_OPS,I06,接收侧有限流，发送侧治理未完全定义。
E013,极端,通知风暴,重复 ContextClosedEvent 广播,同一关闭事件重复广播。,t0 close event 重复；t1 若 pop/归档操作幂等则问题可控；t2 文档未显式声明 ContextClosedEvent 幂等键。,部分通过,E_CLOSE + E_WRITE,I15,关闭广播应幂等，但未给事件级去重标识。
E014,极端,通知风暴,多场 alarm 同时触发导致 pushForeground 竞争,短时间多个 urgent 来源。,t0 第一个 alarm push 成功；t1 cooldown 拒绝非 P0 切换；t2 若均标 system_p0 则仍可能连续打断。,部分通过,E_COMBO + E_INDEX,"I06,I12",cooldown 保护存在，但 system_p0 的上限与合并机制未定义。
E015,极端,通知风暴,TTL 到期但 batch_queue 中仍有旧摘要,队列异步清理。,t0 原通知 expired；t1 batch_queue 内折叠项未同步清空；t2 可能复活旧提醒。,失败,E_INDEX + E_STORM,I13,没有统一说明 batch/collapse 队列与 TTL 清扫器的一致性。
E016,极端,通知风暴,@all 叫醒千人,大规模 mention。,t0 priority 提升；t1 每人/每 context 限流只能限制频率，不能限制 fan-out 总量；t2 形成系统尖峰。,部分通过,E_STORM + E_INDEX,I06,缺全局 fan-out 上界与 admission control。
E017,极端,通知风暴,pending notifications 数量无限增长,长时间离线且上游不带 TTL。,t0 不断入队；t1 若所有通知都遵守 TTL 可回收；t2 若不给 TTL 则内存增长。,部分通过,E_INDEX,I13,元文档要求 TTL 与终局，但 enforcement 仍是实现项。
E018,极端,通知风暴,urgent 通知折叠后丢 individual ack_required,多条 urgent obligation 提醒合并。,t0 collapse 生成单摘要；t1 原始通知 archived；t2 individual ack 的完成关系模糊。,失败,E_STORM + E_OBL + E_INDEX,I13,未给 folded urgent/ack 的回溯规则。
E019,极端,通知风暴,用户显式调低 baseline attention 后仍被常规消息打断,baseline=urgent_only。,t0 ambient/mention 到来；t1 只应 urgent 穿透；t2 若实现沿用旧 attention_policy 路径则可能漂移。,部分通过,E_COMBO + E_FIELD,I02,原则上应通过，但旧字段残留让实现有偏差风险。
E020,极端,通知风暴,物理点名 + 数字消息同时到达,会议室点名 + 群消息同 tick。,t0 本地点名与远端消息同时进入；t1 物理场动作并集允许先回应本地；t2 数字消息保留在 pending。,通过,E_LOCAL + E_COMBO,,动作并集在该场景发挥作用。
E021,极端,通知风暴,通知折叠把不同 owner 的 obligation 提醒合成一条,两个 obligation 同时 overdue。,t0 两个 owner 的提醒被错误共用 collapse_key；t1 摘要化后 owner 边界丢失。,失败,E_STORM + E_OBL,"I13,I17",collapse 规则未明确 owner 维度隔离。
E022,极端,通知风暴,同一通知被归档后又被晚到副本重新 surfaced,异步重试晚于归档。,t0 通知 archived；t1 重试副本晚到；t2 若无统一 version/epoch 则再次 surfaced。,部分通过,E_OPS + E_INDEX,I15,缺通知级版本/epoch。
E023,极端,通知风暴,订阅式 forum 摘要自身也堆积成风暴,每天只醒一次的 agent。,t0 大量 forum 摘要等待 time-driven wakeup；t1 summaries themselves become backlog；t2 仅靠 top-N 摘要可能丢重要帖。,部分通过,E_COMBO + E_STORM,I06,缺摘要再摘要的上限策略与质量保证。
E024,极端,通知风暴,同一 context 中 ambient 永远被 direct 饥饿,高优消息持续流入。,t0 direct 持续占据 surfaced；t1 ambient 长期 archived/延后；t2 低优上下文饿死。,部分通过,E_STORM + E_COMBO,I06,缺 aging/fairness 对通知层的强制约束。
E025,极端,通知风暴,跨时区/跨地区 agent 在 wakeup 时间点形成全球波峰,大规模系统每日整点醒。,t0 大量 next_wakeup 聚集；t1 仅重启场景定义了 jitter；t2 平时的 wakeup 去同步未说明。,失败,E_RESTART + E_INDEX,"I06,I14",平时调度缺去同步策略。
E026,极端,前景场,ContextClosedEvent 代码仍直接清 single foreground_field_id,v1.3 已以 ForegroundStack 为权威。,t0 关闭场；t1 正文示例仍清 foreground_field_id；t2 多层栈帧无法被完整 pop。,失败,E_CLOSE + E_INDEX,I03,文本内部存在旧逻辑残留。
E027,极端,前景场,restart 恢复段仍按单值 foreground_field_id 校验,系统重启恢复。,t0 persisted state 使用 stack；t1 恢复代码仍读取 foreground_field_id；t2 栈帧与 active_key 可能不一致。,失败,E_RESTART + E_INDEX,"I03,I18",恢复逻辑与权威状态结构未完全对齐。
E028,极端,前景场,组合规则多处仍直接引用 activity_profile,权威状态已切到 current_activity。,t0 scheduler/energy 读 activity_profile；t1 current_activity 和旧字段可能分叉。,失败,E_ACTIVITY + E_INDEX + E_COMBO,I01,旧字段残留会引发实现歧义。
E029,极端,前景场,Activity Schema 仍保留 current_object_ref 顶层更新示例,权威对象已移入 ActivityInstance。,t0 action 自动更新 object_ref；t1 示例写 agent.control.current_object_ref；t2 与 current_activity.object_ref 冲突。,失败,E_ACTIVITY + E_INDEX,I01,对象真源仍有漂移。
E030,极端,前景场,前景栈连续压入 100 层中断,电话/报警/私聊连续嵌套。,t0 多次 push；t1 栈不断增长；t2 没有深度上限。,部分通过,E_INDEX + E_COMBO,I12,总索引已把深度上限列为开放问题。
E031,极端,前景场,pop 返回的帧指向已归档 object_ref,原工作对象已删除/移动。,t0 push 中断；t1 原对象在后台被删；t2 pop 返回时 resume_token/object_ref 失效。,部分通过,E_ACTIVITY + E_CLOSE,I04,缺 object-level stale reference 校验。
E032,极端,前景场,两个并发系统组件同时 pushForeground,一个来自 alarm，一个来自 UI 显式切场。,t0 并发 push；t1 栈顺序依赖竞争；t2 无统一 CAS/锁保护。,部分通过,E_INDEX + E_CONCUR,I09,ForegroundStack 的并发更新策略未正式化。
E033,极端,前景场,cooldown 期间用户显式切场是否应优先于系统建议,user_explicit 与 system suggested 同时存在。,t0 cooldown 中 user_explicit 请求；t1 文本仅说非 system_p0 受冷却；t2 user_explicit 是否越过冷却不够清楚。,部分通过,E_INDEX + E_COMBO,I12,switch_reason 的优先级矩阵未写全。
E034,极端,前景场,top frame returnable=false 但下层 frame 已 closed,停滞场强制逃生后想返回旧工作。,t0 strict timeout 将 top.returnable=false；t1 下层 frame 已 closed；t2 pop 后应继续清理。,部分通过,E_COMBO + E_CLOSE,I03,需要多次 pop 与 stale frame 清扫器。
E035,极端,前景场,focus event 晚到，已离开的 context 又被设为前景,网络延迟导致 FocusEvent 乱序。,t0 离场后晚到 FocusEvent；t1 foreground 被回写成旧 context；t2 active_key 悬空。,失败,E_OPS + E_INDEX,"I14,I15",FocusEvent 缺事件版本/epoch。
E036,极端,前景场,foreground=null 时收到 local body-level 紧急事件,散步时被人拽住/拍肩。,t0 无数字前景；t1 local direct/urgent 应注入；t2 body-level 约束未明确。,部分通过,E_LOCAL + E_COMBO,I16,普通 local 规则能部分覆盖，但强实体约束层缺失。
E037,极端,前景场,同一 closed context 的 archived 通知再次触发 pop,关闭后晚到通知又引用已关闭场。,t0 context 已 closed；t1 晚到通知 source_field_id 指向旧场；t2 是否再次 pop/归档需要幂等。,部分通过,E_CLOSE + E_OPS,I15,缺关闭事件的版本化和幂等界面。
E038,极端,前景场,active_key 指向 context，object_ref 指向另一对象,栈顶与对象绑定分离。,t0 active_key=context:A；t1 object_ref=file:B；t2 assemble 与 writeback 可能跨上下文混淆。,部分通过,E_ACTIVITY + E_INDEX,"I01,I04",缺 active_key/object_ref 一致性约束。
E039,极端,前景场,resume_token 丢失时如何恢复,活动被打断后 token 未保存。,t0 push 中断；t1 无 resume_token；t2 pop 后只能回到 frame 但不能恢复思路。,部分通过,E_ACTIVITY + E_INDEX,I04,resume_token 存在但其 durable/ephemeral 级别未明。
E040,极端,前景场,前景帧 entered_at 被错误回拨,系统时间回退。,t0 entered_at 晚于 now 或回拨；t1 cooldown/age 计算错误。,失败,E_INDEX + E_COMBO,I14,切换/年龄逻辑依赖绝对时间。
E041,极端,前景场,前景切换冷却导致真实用户无法及时响应上级 direct call,冷却窗口内又来新的重要直接呼叫。,t0 第一次切场刚发生；t1 第二次非 P0 但 high direct 到达；t2 被冷却阻断。,部分通过,E_COMBO + E_OPS,I12,冷却有稳定性收益，但重要 direct 的豁免矩阵未明确。
E042,极端,前景场,foreground stack 与 pending notifications 的 source_field_id 不一致,栈顶已变更但旧通知仍在 surfaced。,t0 切栈；t1 surfaced 通知仍指旧场；t2 LLM assemble 时易拿错上下文。,部分通过,E_INDEX + E_OPS,"I03,I13",缺切栈后的通知重写/回收策略。
E043,极端,前景场,返回上一帧后 reservation_until 已经过期,写作保留窗口被中断期间耗尽。,t0 push 电话；t1 通话很长；t2 pop 后 reservation 已过期；t3 打断门槛应重新计算。,通过,E_ACTIVITY + E_COMBO,,时间驱动重算可处理此情形。
E044,极端,前景场,两条不同路径同时试图清除 active_key,ContextClosedEvent 与 validateActiveKey 同时工作。,t0 关闭广播；t1 assemble 再次校验；t2 双清理应保持幂等。,通过,E_CLOSE + E_COMBO,,active_key 清理是幂等的。
E045,极端,前景场,物理会场与数字前景都要求 speak,会议室发言与线上会议举手同时需要。,t0 两边都有动作合法性；t1 动作并集并不能替代排他资源管理；t2 谁先说未定义。,失败,E_LOCAL + E_INDEX,"I05,I17",缺 ResourceLease 的运行时闭环。
E046,极端,前景场,ForegroundStack 被持久化但 frames 顺序被错误反序列化,重启后栈顺序颠倒。,t0 snapshot 读取 frames；t1 若栈顶不在 index 0，则恢复错误。,部分通过,E_INDEX + E_RESTART,I18,权威结构说明了栈顶在 frames[0]，但恢复校验规则未明确。
E047,极端,前景场,无返回路径的 system_p0 中断结束后如何回工作,紧急逃生场被处理完。,t0 system_p0 push(returnable=false)；t1 处理完；t2 无自动返回，需要新的决策。,通过,E_INDEX + E_COMBO,,returnable=false 就是明确不自动回去。
E048,极端,前景场,foreground 栈为空但 active_key 残留,手工错误或旧数据。,t0 frames=[]；t1 active_key=context:A；t2 assemble 应清理或报错。,部分通过,E_INDEX + E_CLOSE,I03,validateActiveKey 可清理一部分，但缺统一栈-键一致性检查。
E049,极端,前景场,多次 ContextClosedEvent 导致栈多 pop 一层,重复广播。,t0 首次 close 已 pop；t1 第二次 close 又 pop；t2 误删除下层 frame。,失败,E_CLOSE + E_INDEX,I15,ContextClosedEvent 需要严格幂等。
E050,极端,前景场,foreground 切换与 user explicit pinned work 冲突,用户明确 pin 某工作对象。,t0 pinned work；t1 外部 direct 想 push；t2 pin 语义未独立建模。,部分通过,E_ACTIVITY + E_COMBO,I12,可用 reservation 近似，但没有独立 pin 规则。
E051,极端,能量与睡眠,energy 在 0~1 区间抖动,高频 urgent 触发。,t0 energy=0；t1 recovering；t2 urgent 到来；t3 Hysteresis Lock 强制等到 >=30 才解除。,通过,E_ENERGY,,这是迟滞锁的目标场景。
E052,极端,能量与睡眠,energy<15 但 direct call 持续 1 小时,低能量仍需应对。,t0 临界状态；t1 输出带宽降到 light；t2 可接收 urgent/direct，但不能切回 highly_consuming。,通过,E_ENERGY + E_ACTIVITY,,P0/P1 规则优先。
E053,极端,能量与睡眠,recovery_lock 期间系统又想派发 consuming 任务,调度器错误。,t0 lock=true；t1 scheduler 提议 using_computer(consuming)；t2 系统前置检查拒绝。,通过,E_ENERGY + E_COMBO,,前置检查应盖住 LLM/调度器。
E054,极端,能量与睡眠,sleeping 未达最低保护时长遇到普通 mention,睡眠前 2 小时。,t0 mention 到达；t1 sleepProtectionThreshold 提升到 urgent；t2 mention 不唤醒。,通过,E_SLEEP,,睡眠保护期逻辑清楚。
E055,极端,能量与睡眠,睡眠保护期内遇到真正 urgent 警报,火警或系统 alarm。,t0 urgent alarm；t1 maxPriority 后仍可唤醒；t2 但保持低带宽/恢复态。,通过,E_SLEEP + E_ENERGY,,保护睡眠不是绝对屏蔽。
E056,极端,能量与睡眠,连续多日 sleep_debt 累积到上限 24h,长期熬夜。,t0 每次 onExitSleeping 增加 deficit；t1 达到 24h 上限；t2 之后不再继续累加。,通过,E_SLEEP,,上限已定义。
E057,极端,能量与睡眠,长时间离线后按 wall clock 一次性补算 energy,离线 72 小时。,t0 restart/recover；t1 gapHours 很大；t2 energy 一次性补算。,部分通过,E_RESTART + E_SLEEP,I14,有补算，但完全依赖绝对时间，缺单调时钟与异常大 gap 的上界策略。
E058,极端,能量与睡眠,睡眠时收到海量群聊摘要但没有 urgent,睡眠保护开启。,t0 摘要入 pending；t1 保护期内不醒；t2 醒来后一次性看到摘要。,通过,E_SLEEP + E_STORM,,睡眠与摘要机制相容。
E059,极端,能量与睡眠,recovering 与 resting 之间来回切换,无外部事件但 energy 缓慢变化。,t0 低能量 recovering；t1 达阈值后可 resting；t2 再次耗尽又回 recovering。,通过,E_ENERGY + E_ACTIVITY,,这是可接受的宏观状态转换。
E060,极端,能量与睡眠,sleep_start 丢失导致 sleep_debt 计算错误,字段未持久化或坏掉。,t0 睡眠中崩溃；t1 restart 后 sleep_start=null；t2 onExitSleeping 无法算 deficit。,部分通过,E_SLEEP + E_RESTART,"I04,I18",需明确 sleep_start 是否 durable 及损坏补救。
E061,极端,能量与睡眠,wakeup_refractory_until 遇到必须身体逃生的地震警报,强物理事件。,t0 refractory 尚未结束；t1 地震 alarm 到达；t2 应该穿透一切门槛。,部分通过,E_SLEEP + E_LOCAL,"I07,I16",文档可用 urgent/system_p0 近似，但灾害本体与身体级强制未形式化。
E062,极端,能量与睡眠,energy 计算依赖旧 activity_profile 而非 current_activity.profile,v1.3 权威状态已更新。,t0 time-driven energy 公式读旧字段；t1 current_activity 与旧字段分叉；t2 能量演化错误。,失败,E_ACTIVITY + E_COMBO + E_INDEX,I01,这是文本级不一致，会直接影响实现。
E063,极端,能量与睡眠,baseline attention decay 直接改基线,长时间未处于高压场。,t0 24h 无压力；t1 decayAttentionPolicy 写 agent.control.attention_policy；t2 违背不可写回公设。,失败,E_COMBO + E_FIELD + E_INDEX,I02,文档内部显式自相矛盾。
E064,极端,能量与睡眠,recovering 中仍允许 too many urgent wakeups,多个 urgent 连续打断。,t0 urgent1 唤醒；t1 urgent2/3 接踵而至；t2 缺全局节流与 refractory 细则。,部分通过,E_ENERGY + E_STORM,"I06,I13",局部机制有，但系统级 wakeup budget 不足。
E065,极端,能量与睡眠,负能量或 >100 能量边界输入,坏数据或 bug。,"t0 energy=-5 或 130；t1 文本多处 clamp 到 [0,100]；t2 但不是所有写路径都声明 clamp。",部分通过,E_ACTIVITY + E_RESTART,I04,需要统一 state sanitizer。
E066,极端,能量与睡眠,活动 preset 非法但能量恢复线程仍在跑,LLM 输出未知 preset。,t0 系统拒绝 preset；t1 保持上一轮活动；t2 time-driven energy 仍按旧活动继续。,通过,E_ACTIVITY,,LLM 只允许 preset 名称，非法 preset 应被拒绝。
E067,极端,能量与睡眠,多次 power nap 导致 sleep_target_hours 频繁切换,碎片化休息。,t0 多次进入/退出 sleeping；t1 sleep_target_hours 反复设 8h；t2 sleep_debt 模型可能过粗。,部分通过,E_SLEEP,I14,粗粒度小时模型能跑，但对碎片化睡眠并不精细。
E068,极端,能量与睡眠,休息时 physical activity=exercising 的兼容性错误,传感器误报。,t0 mode=resting，medium/mobility 表示在走路；t1 系统缺传感器冲突仲裁。,失败,E_ACTIVITY,I11,Activity 仍是合并近似，没有底层传感器冲突解决。
E069,极端,能量与睡眠,recovering 中仍被 mission_locked 场强行留住,强任务未完成。,t0 energy=0；t1 mission_locked 想阻止退出；t2 P0 生存规则覆盖 mission_locked。,通过,E_ENERGY + E_COMBO + E_INDEX,,这是 P0>P2 的重要极端场景。
E070,极端,能量与睡眠,sleep_debt 被写入 durable 还是 ephemeral 不明确,长期画像与短期控制冲突。,t0 多日睡眠债；t1 崩溃恢复后是否要保留该值？；t2 文档未明示 durable 边界。,部分通过,E_SLEEP + E_WRITE,I04,字段重要，但 durability 边界未完全写死。
E071,极端,写回与崩溃,Action 发出成功但 ActionReceipt 丢失,submitAction 成功，receipt 丢包。,t0 action 实际落地；t1 agent 未收到 receipt；t2 按现文档不得写 durable 记忆；t3 会造成世界真相与本地无确认。,部分通过,E_WRITE + E_COMBO,I15,Split-Brain 防护保护了“别乱写”，但 receipt 丢失补偿策略未定义。
E072,极端,写回与崩溃,ActionReceipt 重复到达两次,网络重试。,t0 第一次 receipt 已写 ledger；t1 第二次 receipt 再来；t2 若 idempotency_key 相同可跳过。,通过,E_WRITE,,幂等键可覆盖该场景。
E073,极端,写回与崩溃,ActionReceipt 乱序到达,两个动作 A/B 的 receipt 反序。,t0 B receipt 先到；t1 causal_parent_ids 需保证 replay 顺序；t2 但实时 apply 顺序如何仲裁未全写。,部分通过,E_WRITE,I15,ledger replay 有因果链，但实时 receipt 乱序处理仍不够具体。
E074,极端,写回与崩溃,commitWriteEvents 成功，materialize 半途中崩溃,durable 已记，物化未完成。,t0 ledger append 完成；t1 materialize 中崩溃；t2 recoverFromCrash 重放未 applied 事件。,通过,E_WRITE + E_RESTART,,这是 event-first 设计的强项。
E075,极端,写回与崩溃,materialize 成功，但 applied_at 未写入,崩溃点在 patch 后、标记前。,t0 状态已改；t1 applied_at 仍空；t2 restart 后重复 apply 风险。,部分通过,E_WRITE,I15,需要 effect_patch 幂等或 applied_at 与 patch 原子提交。
E076,极端,写回与崩溃,snapshot 创建期间又有新事件进入,快照与写流并发。,t0 开始 snapshot；t1 新事件写入 ledger；t2 checkpoint 边界需要严格定义。,部分通过,E_WRITE + E_RESTART,I15,文档提 snapshot，但未展开 checkpoint 协议。
E077,极端,写回与崩溃,同一 durable 事件被两个 worker 同时 materialize,多消费者误配。,t0 两个 worker 取到相同 unapplied；t1 双 apply 风险；t2 缺租约/claim 机制。,失败,E_WRITE + E_INDEX,"I05,I15",WritebackLedger 没有定义 materializer 互斥。
E078,极端,写回与崩溃,ephemeral 状态误入 ledger 造成重放噪声,短期 pending notification 被当 durable 写回。,t0 进入 ledger；t1 重启后重复 resurfacing；t2 造成历史噪声。,部分通过,E_WRITE + E_INDEX,I04,缺 durable/ephemeral 明确边界。
E079,极端,写回与崩溃,重要承诺没入 ledger 仅写了 working memory,LLM 产生口头承诺。,t0 输出 promise；t1 只写 working memory；t2 崩溃后承诺丢失。,失败,E_WRITE + E_ACTIVITY,I04,需要更清楚的 durable 判定器。
E080,极端,写回与崩溃,two-phase path 中 world.submitAction 超时但动作实际执行,经典超时不确定性。,t0 submitAction timeout；t1 agent 不知是否执行；t2 需要后续 receipt/query 归并。,部分通过,E_WRITE + E_COMBO,I15,当前文本缺查询/补偿路径。
E081,极端,写回与崩溃,重放时目标对象已不存在,effect_patch 指向被删除 context/object。,t0 recoverFromCrash；t1 applyEffectPatch 找不到 target_object；t2 需要 tombstone/skip 策略。,失败,E_WRITE + E_CLOSE,"I04,I15",重放前对象存在性规则未形式化。
E082,极端,写回与崩溃,因果父链中某个 parent 丢失,causal_parent_ids 不完整。,t0 replay；t1 parent 不在 ledger；t2 顺序无法严格保证。,失败,E_WRITE,I15,缺 parent 缺失时的恢复策略。
E083,极端,写回与崩溃,notification 幂等键与 write event 幂等键域冲突,两类事件共享键空间。,t0 相同字符串键被不同子系统使用；t1 错误去重。,失败,E_OPS + E_WRITE,I15,需要不同事件域的命名空间。
E084,极端,写回与崩溃,durable write 在网络分区期间本地成功、远端真源失败,分布式真源不一致。,t0 本地 ledger append；t1 远端 world 未确认；t2 需要提交协议或补偿。,部分通过,E_WRITE + E_RESTART,I15,当前更像单主真源假设，跨分区一致性未展开。
E085,极端,写回与崩溃,receipt 成功但 buildEffectPatch 使用了错误上下文,A 场动作却 patch 到 B 场对象。,t0 receipt 到达；t1 buildEffectPatch 用错 active_key；t2 durable 错写。,部分通过,E_WRITE + E_ACTIVITY,"I01,I04",active_key/object_ref 一致性约束不足。
E086,极端,写回与崩溃,memory_index 已持久化但 memory 内容未同步,只存索引。,t0 restart；t1 memory_index 指向缺失条目；t2 assemble 失败或空洞。,部分通过,E_RESTART,I04,总索引提 memory_index，但未定义缺失条目恢复策略。
E087,极端,写回与崩溃,snapshot 与 notification pending 队列版本不一致,通知比 agent/control 更新快。,t0 snapshot agents 在 T1，notifications 在 T2；t1 恢复后引用错位。,部分通过,E_RESTART + E_INDEX,"I13,I15",缺一致性 checkpoint。
E088,极端,写回与崩溃,obligation 状态已 waived，但旧 pending 副本重放回来,旧事件重放。,t0 waived；t1 旧 pending event replay；t2 状态回退。,失败,E_WRITE + E_OBL,I15,需要版本/序号防止旧事件回滚新状态。
E089,极端,写回与崩溃,ContextClosedEvent 已处理，但旧 message append 晚到,关闭后的迟到消息。,t0 close；t1 晚到 append；t2 context 已 closed。,部分通过,E_CLOSE + E_WRITE,I15,需在 append path 检查 context status 与 event epoch。
E090,极端,写回与崩溃,materializeDurableStates 与 ContextClosedEvent 并发,一个写入刚好落到关闭中的 context。,t0 close 广播；t1 patch 还在执行；t2 目标对象合法性需重检。,部分通过,E_CLOSE + E_WRITE,"I09,I15",缺统一事务边界。
E091,极端,写回与崩溃,resume_token 要不要 durable,深度思考被中断后重启。,t0 token 仅在内存；t1 崩溃后丢失；t2 思路无法恢复。,部分通过,E_ACTIVITY + E_WRITE,I04,token 重要性随任务而变，但 durable 判定未明确。
E092,极端,写回与崩溃,overload_mode 状态在崩溃后是否恢复,重启时系统曾处于 shed。,t0 crash；t1 restart；t2 overload_mode 是否从持久化恢复未明。,失败,E_INDEX + E_RESTART,"I06,I18",字段有声明，但持久化/恢复未写清。
E093,极端,写回与崩溃,跨 agent shared context 的 durable 写冲突,多 agent 同时写同一 agenda 与 same checkpoint。,t0 worker1/2 同时 commit 关联 patch；t1 可能都成功；t2 冲突解决依赖乐观锁但未覆盖所有对象。,部分通过,E_CONCUR + E_WRITE,I09,部分对象有锁，整体还不够。
E094,极端,写回与崩溃,长期运行后 ledger 无限增长,持久系统跑数年。,t0 事件不断积累；t1 只有 snapshot 提示；t2 缺 compaction/retention 规范。,失败,E_WRITE + E_INDEX,I04,需要正式的 ledger retention/compaction 策略。
E095,极端,写回与崩溃,写回日志损坏导致 replay 中断,磁盘局部损坏。,t0 ledger 某段损坏；t1 replay 无法继续；t2 没有校验/副本策略。,失败,E_WRITE,I15,当前文档未覆盖存储损坏恢复。
E096,极端,网络与时间,clock skew 使 deadline 提前或推后数小时,不同节点时钟不一致。,t0 owner 节点快 2h；t1 due_at 判断偏差；t2 overdue/waived 时机错误。,失败,E_OBL + E_RESTART,I14,大量时间逻辑依赖绝对时间戳。
E097,极端,网络与时间,LocationChanged 事件乱序,先离开后进入，但消息顺序反了。,t0 进入/离开事件乱序；t1 physical_location 可能回滚；t2 local 可见性错误。,失败,E_LOCAL + E_OPS,"I14,I15",LocationChanged 缺版本/epoch。
E098,极端,网络与时间,agent 掉线 6 小时后重连,网络长断开。,t0 next_wakeup 全过期；t1 重连时需要 jitter/补算 energy；t2 通知 backlog 需压缩。,部分通过,E_RESTART + E_STORM,"I13,I18",有恢复思路，但旧字段与 backlog 清理仍不完整。
E099,极端,网络与时间,极短网络抖动导致多次重复 submitAction,客户端超时重试。,t0 submitAction 重试 3 次；t1 如果 action_id 一致可幂等；t2 若不同则可能重复执行。,部分通过,E_WRITE,I15,文档没有端到端 action request 幂等协议。
E100,极端,网络与时间,通知传输晚到，晚于 context close,消息在网络中延迟。,t0 close；t1 晚到 notification 到达；t2 应归档或丢弃。,部分通过,E_CLOSE + E_OPS,I15,需要 source event epoch。
E101,极端,网络与时间,心跳丢失导致误判 agent unavailable,reassign obligation 依赖可用性判断。,t0 心跳短暂丢失；t1 isAgentAvailable 误判 false；t2 任务被错误转派。,部分通过,E_OBL + E_INDEX,"I08,I14",可用性判定过粗。
E102,极端,网络与时间,跨设备登录同时演化同一 agent,手机与电脑端双活。,t0 两端都产生活动/切栈；t1 控制状态竞争；t2 没有 session leader/election。,失败,E_INDEX + E_CONCUR,"I09,I15",单 agent 多副本双活未定义。
E103,极端,网络与时间,网络分区时 host 与 member 各自认为自己有主持权,会场双脑。,t0 分区；t1 两侧都继续推进；t2 重新合并时 conflict。,失败,E_INDEX + E_OBL,"I05,I15",ResourceLease 尚未真正运行化。
E104,极端,网络与时间,系统全局暂停 30 分钟再恢复,维护暂停或 GC stop-the-world。,t0 last_tick_at 停滞；t1 恢复后 gapHours 补算；t2 pending notifications 一起到期。,部分通过,E_RESTART + E_SLEEP,"I14,I13",有 gap 补算，但大暂停的批处理顺序与过期策略未细化。
E105,极端,网络与时间,单机 monotonic clock 正常但 wall clock 被管理员手改,时钟突然回拨。,t0 now 变小；t1 cooldown/deadline/sleep 规则错乱。,失败,E_COMBO + E_RESTART,I14,没有 monotonic time 抽象。
E106,极端,网络与时间,一个节点丢失 warm_messages，只剩 cold archive,分层存储局部损坏。,t0 assemble 请求 recent；t1 warm 层缺失；t2 只能从 cold 语义检索恢复，细节丢失。,部分通过,E_COMBO,I04,分层消息有方向，但缺降级读取策略。
E107,极端,网络与时间,跨地区 agent 在地震期间网络断断续续,物理灾害+网络不稳。,t0 地震 alarm 可能晚到；t1 多次重试；t2 agent 是否已经撤离未知。,失败,E_LOCAL + E_RESTART,"I07,I14,I16",灾害本体与分区语义都不足。
E108,极端,网络与时间,WriteEvent 的 causal_parent_ids 指向另一分区未同步事件,跨分区依赖。,t0 parent 在远端分区；t1 本地 replay 找不到；t2 阻塞。,失败,E_WRITE,I15,缺跨分区依赖恢复策略。
E109,极端,网络与时间,通知过期时间在夏令时/时区变换中错算,不同 locale。,t0 ttl_sec 与 Timestamp 混用；t1 过期提前或滞后。,失败,E_INDEX + E_OPS,I14,需要统一 UTC/monotonic 约束。
E110,极端,网络与时间,前景冷却 10 秒在高延迟网络下毫无意义,RTT 15 秒。,t0 push 后冷却启动；t1 真实世界响应晚于冷却结束；t2 抖动仍可能发生。,部分通过,E_COMBO,I14,冷却常数需与网络条件关联。
E111,极端,网络与时间,掉线期间错过 soft timeout，重连后只看到 strict timeout,bounded 场停滞。,t0 离线 8h；t1 重连时只看到累计后的 strict 状态；t2 soft 阶段信息丢失。,部分通过,E_OBL + E_RESTART,I14,时间驱动规则缺事件化历史。
E112,极端,网络与时间,participant 列表在网络分区后各自新增成员,会场成员表分裂。,t0 分区各自 add participant；t1 合并时 roles/participants 冲突。,失败,E_CONCUR + E_INDEX,"I09,I15",participants/roles 没有冲突解决策略。
E113,极端,网络与时间,batch_queue 里消息按到达顺序而非因果顺序折叠,异步乱序输入。,t0 两条相关消息乱序进 batch；t1 collapse 先后颠倒；t2 摘要失真。,部分通过,E_STORM + E_OPS,I15,recent messages 有因果窗口，但 batch collapse 无因果约束。
E114,极端,网络与时间,agent 长时间离线后直接收到过期 obligations,重连即 backlog。,t0 offline 3d；t1 pending obligations 很多已过 due；t2 系统需先过期/归档再 assemble。,部分通过,E_OBL + E_RESTART,"I13,I14",缺“先扫后装配”的明确顺序。
E115,极端,网络与时间,power restore 后全体同时上线形成 restart storm,城市级停电恢复。,t0 众多 agent 同时重连；t1 只有 next_wakeup jitter；t2 其他背景同步流仍可能雪崩。,部分通过,E_RESTART + E_INDEX,"I06,I14",重启去同步只覆盖部分流。
E116,极端,义务与死锁,两个 obligation 相互 blocking_on 形成环,A 等 B，B 等 A。,t0 两 token 互相 blocking_on；t1 无进展；t2 触发 overdue/仲裁/N-tick。,部分通过,E_OBL + E_COMBO,I04,可凭超时逃生解围，但 blocking_on 的形式语义未充分定义。
E117,极端,义务与死锁,host 自己也掉线，没人能仲裁,bounded 场只有一名 host。,t0 所有人 overdue；t1 tryReassign 失败；t2 host 也 unavailable；t3 系统只能 force close。,通过,E_OBL + E_COMBO,,force close 提供了最后逃生。
E118,极端,义务与死锁,roles 缺失无法找到 host,context.roles 异常为空。,t0 死锁；t1 host 查找失败；t2 只能等 force close。,部分通过,E_OBL + E_FIELD,I17,系统还有最终强关，但角色异常缺前置校验。
E119,极端,义务与死锁,同角色候选人其实也在 recovery_lock,重分配时选错人。,t0 owner overdue；t1 candidate energy>threshold 但 recovery_lock=true；t2 实际仍不可承担 consuming。,失败,E_OBL + E_ENERGY,I01,isAgentAvailable 示例仍读旧 activity_profile/energy 条件过粗。
E120,极端,义务与死锁,多个 overdue obligation 同时转派给同一个人,替补资源过度集中。,t0 三个 token 同时重分配；t1 都落到同一候选；t2 新死锁。,部分通过,E_OBL + E_INDEX,I06,缺负载感知的重分配策略。
E121,极端,义务与死锁,owner 已退出 participants 但 obligation 仍指向他,人员变动。,t0 owner 离场；t1 token 仍 pending；t2 tryReassign 需要基于 roles/participants 重整。,部分通过,E_OBL + E_FIELD,I09,roles/participants 与 obligations 缺一致性维护。
E122,极端,义务与死锁,waived 后又被旧 pending 副本覆盖,乱序事件。,t0 waived；t1 旧 pending replay；t2 closeCondition 再次失败。,失败,E_OBL + E_WRITE,I15,需要版本防回滚。
E123,极端,义务与死锁,N-tick 超时与 obligation 超时同时触发,同一场既整体停滞又单项 overdue。,t0 两个机制同时介入；t1 一个想 reassign，一个想 escape；t2 优先级协调未细写。,部分通过,E_OBL + E_COMBO,I06,两套救援机制缺统一决策器。
E124,极端,义务与死锁,某 obligation 没有 due_at,弱配置或旧 token。,t0 pending 无 due_at；t1 overdue 逻辑无法触发；t2 只能靠 N-tick。,部分通过,E_OBL + E_COMBO,I04,元文档给了 deadline/due_at，但未强制每类 obligation 都带。
E125,极端,义务与死锁,ContextClosedEvent 到来时仍有 blocked obligation,会场被外部管理员强关。,t0 close；t1 pending/overdue archived；t2 blocked/proposed/accepted 的关闭语义未全写。,部分通过,E_CLOSE + E_INDEX,I04,7 态 obligation 的关闭映射还不够细。
E126,极端,义务与死锁,accepted 但未开始的义务是否算 pending close blocker,状态语义边界。,t0 token=accepted；t1 closeCondition 检查 pending? overdue?；t2 accepted 是否阻止 close 未完全明确。,部分通过,E_INDEX + E_OBL,I04,7 态状态机引入后，closeCondition 需全状态矩阵。
E127,极端,义务与死锁,同一任务被两人同时 satisfy,双提交。,t0 token pending；t1 A/B 同时 satisfy；t2 CAS 只允许一个成功。,通过,E_CONCUR + E_OBL,,CAS 可以盖住这一类双满足。
E128,极端,义务与死锁,重新分配后旧 owner 迟到提交结果,新旧 owner 并存。,t0 token owner 改为 B；t1 A 迟到 satisfy；t2 需要校验 current owner。,部分通过,E_OBL + E_CONCUR,I15,示例 satisfyObligation 只看 status，不看 owner/version。
E129,极端,义务与死锁,binding 场的 obligation 太多挤爆 context window,上百条待办。,t0 assemble 要优先注入 own obligations；t1 但 total obligations 极多；t2 其余议程被挤掉。,部分通过,E_INDEX + E_OBL,I06,有 identity-first 过滤，但仍缺更细分页/摘要策略。
E130,极端,义务与死锁,owner 身份变化导致 actor_is_superior 失真,组织结构变动。,t0 superior 关系变化；t1 priorityOf 仍按旧 relation 上调；t2 事件优先级失真。,部分通过,E_OPS + E_INDEX,I08,RelationInfo 的维护是开放问题。
E131,极端,义务与死锁,force close 后 agent 仍以为自己必须留在场里,mission_locked 记忆未清。,t0 force close；t1 top frame 未正确 pop 或 active_key 未清；t2 仍执念留场。,部分通过,E_CLOSE + E_INDEX,I03,依赖前景/active_key 清理正确执行。
E132,极端,义务与死锁,host 与 admin 对关闭原因给出冲突 conclusion,人工 close vs system force close。,t0 admin_close 与 host conclude 同时发生；t1 conclusion 来源冲突。,部分通过,E_CLOSE + E_CONCUR,"I09,I17",close reason/conclusion 需要单主写者。
E133,极端,义务与死锁,obligation token 无 ttl_sec 永久 pending,旧 token 或坏数据。,t0 pending 长期不终结；t1 closeCondition 永远失败。,失败,E_INDEX + E_OBL,I04,元文档强调 TTL/终局，但若 token 缺字段就会卡死。
E134,极端,义务与死锁,多个 bounded 场共享同一 owner，deadline 全同时到,个人级 overload。,t0 owner 同时背 5 个强义务；t1 每个场都 urgent；t2 缺跨场义务预算。,部分通过,E_OBL + E_INDEX,I06,系统没有全局个人义务预算。
E135,极端,义务与死锁,host 正在睡觉，deadlock arbitration 通知被睡眠保护挡住,夜间会议场异常。,t0 仲裁通知发给 host；t1 host 睡眠保护 elevates threshold；t2 urgent 通知理论可穿透，但 direct/conventional 可能被挡。,部分通过,E_OBL + E_SLEEP,I06,仲裁通知优先级矩阵需更强约束。
E136,极端,义务与死锁,owner 已不再是 participants 但仍是 superior,关系与成员表交叉失真。,t0 relation 说 superior；t1 participants 已无此人；t2 priority/permission 混乱。,失败,E_OPS + E_FIELD,"I08,I17",需要关系真源与成员表一致性。
E137,极端,义务与死锁,同一 host 被错误重分配为 owner 与 arbitrator,角色混用。,t0 系统既把 host 当仲裁者又当执行者；t1 可能形成自审。,部分通过,E_OBL + E_FIELD,I17,角色职责矩阵未严密定义。
E138,极端,义务与死锁,context.status=closing 时仍允许新建 obligation,收尾期仍派活。,t0 close 中；t1 新 token 被创建；t2 closeCondition 再次失效。,失败,E_CLOSE + E_OBL,I17,需禁止 closing 阶段新增 obligations。
E139,极端,义务与死锁,strict timeout 赋予 escape_permitted 后 owner 直接退场,强任务场中人走了。,t0 no-progress strict timeout；t1 owner 逃生；t2 场只能靠他人接管或 force close。,通过,E_OBL + E_COMBO,,这是系统设计允许的生存性优先。
E140,极端,义务与死锁,proposed/accepted/blocked 三态的 UI/LLM 解释不一致,不同组件理解不同。,t0 token 状态进入 accepted；t1 某组件仍按 pending 处理；t2 造成重复提醒。,部分通过,E_INDEX + E_OBL,I04,7 态引入后还需统一状态语义字典。
E141,极端,并发与权限,两名 host 同时存在,roles 错配。,t0 两个 agent 都标 host；t1 allowedActions 都给 close/kick；t2 排他性缺失。,失败,E_FIELD + E_INDEX,"I05,I17",ResourceLease 未真正运行化。
E142,极端,并发与权限,speaker token 过期后未释放,排他发言权悬挂。,t0 lease 到期；t1 没有统一 reaper；t2 会场被卡。,失败,E_INDEX,I05,ResourceLease 只有元定义，缺运算闭环。
E143,极端,并发与权限,participants 同时 add/remove 同一人,并发成员变动。,"t0 A add, B remove；t1 最终集不确定。",失败,E_CONCUR + E_INDEX,I09,participants 没有冲突解决策略。
E144,极端,并发与权限,roles 更新与 allowedActions 读取竞态,权限瞬时错判。,t0 role 刚变；t1 allowedActions 还按旧 role 计算；t2 可能放出非法动作。,部分通过,E_FIELD + E_OPS,"I09,I17",缺版本化 roles 读取。
E145,极端,并发与权限,RelationInfo 中 actor_is_superior 长期过时,组织变更但关系未刷新。,t0 superior 已换人；t1 priorityOf 仍上调旧人消息。,部分通过,E_OPS + E_INDEX,I08,RelationInfo 真源与更新策略仍开放。
E146,极端,并发与权限,同一 agent 在不同场里角色冲突,场 A 为 host，场 B 为 outsider。,t0 两场通知同时来；t1 allowedActions 应按各自 context.roles 判断；t2 若误用全局角色则出错。,部分通过,E_FIELD + E_OPS,I17,需要严格 context-scoped role。
E147,极端,并发与权限,加入 members_only 场与读取 public 摘要并发,一个 join_request 同时发起并在外部浏览摘要。,t0 请求处理中；t1 摘要仍可见；t2 身份转变窗口期需定义。,部分通过,E_FIELD + E_OPS,I17,join 状态机未完全成文。
E148,极端,并发与权限,moderator 删除消息与作者编辑消息同时发生,消息对象双写。,t0 delete/edit 并发；t1 append-only 无法覆盖编辑语义；t2 需 message versioning。,失败,E_CONCUR + E_OPS,I09,messages 只定义 append，不含 edit/delete 冲突规则。
E149,极端,并发与权限,同一 file/doc 被两个 context object_ref 同时引用,跨上下文共享对象。,t0 两个场都指向 doc:X；t1 写作与讨论同时写回；t2 需要对象级并发控制。,部分通过,E_ACTIVITY + E_CONCUR,I09,对象级锁/版本未定义。
E150,极端,并发与权限,host 把自己踢出 participants,权限自我破坏。,t0 host 执行 remove self；t1 context 无 host；t2 后续仲裁链受损。,部分通过,E_FIELD + E_OBL,I17,缺角色不变量检查。
E151,极端,并发与权限,outsider 收到 source_field_id 为 members_only 的旧通知,成员资格已变。,t0 曾是成员，后被移除；t1 旧通知晚到；t2 是否可看内容？,部分通过,E_FIELD + E_OPS,"I17,I15",成员资格变更后的晚到消息策略未写细。
E152,极端,并发与权限,priorityOf 因 superior 关系把 casual 场消息上调过高,弱场被强关系放大。,t0 forum casual 场中 superior 发帖；t1 relation 上调；t2 可能打破弱场设计。,部分通过,E_OPS + E_FIELD,I08,需要更严格的 field×relation 限幅。
E153,极端,并发与权限,permission denied 后是否写入失败记忆,agent 尝试非法 close。,t0 allowedActions 拒绝；t1 是否要 durable 记录“我被拒绝”？；t2 文档未明确。,部分通过,E_OPS + E_WRITE,"I04,I17",失败动作的写回层级未完全定义。
E154,极端,并发与权限,同一 context roles 表损坏为循环引用结构,坏数据。,t0 roles 非法；t1 allowedActions/priorityOf 出错。,失败,E_FIELD + E_OPS,I09,缺 state validator。
E155,极端,并发与权限,obligation owner 不在 roles 表中,坏数据或角色迁移后残留。,t0 overdue；t1 tryReassign 获取 ownerRole=None；t2 失去重分配基础。,部分通过,E_OBL + E_FIELD,"I09,I17",需要 consistency sweeper。
E156,极端,并发与权限,多人同时修改 conclusion 文本,收尾阶段双写。,t0 host 与 admin 同时写 conclusion；t1 最终文本不确定。,失败,E_CLOSE + E_CONCUR,"I09,I17",close/conclusion 缺单主写者。
E157,极端,并发与权限,ResourceLease 被遗忘实现但文档已依赖它,多人同时想 speak。,t0 两人举手；t1 文本元层要求租约；t2 运行层没有 acquire/renew/release。,失败,E_INDEX,I05,这是结构性空洞。
E158,极端,并发与权限,mood 更新函数缺失导致 affect-based policy 失效,未来想用情绪调权重。,t0 mood 值存在；t1 fieldSocialValence/activityAffect 未定义；t2 无法可信更新。,失败,E_ACTIVITY + E_INDEX,I10,总索引已明确为开放问题。
E159,极端,并发与权限,agent/control 与 world 真源记忆冲突,本地记得已回复，世界真相未记录。,t0 本地记忆与 world 不一致；t1 缺统一 reconciliation。,失败,E_INDEX + E_WRITE,"I04,I15",总索引已把 memory reconciliation 列为开放问题。
E160,极端,并发与权限,同一 agent 在多个浏览器标签页各自维护 pendingNotifications,前端双副本。,t0 两标签都消费通知；t1 ack/archived 状态竞争。,失败,E_CONCUR + E_INDEX,"I09,I15",通知消费端的一致性未定义。
E161,极端,本地物理冲突,人在会议室但前景在手机群聊，被主持人点名,经典低头族。,t0 点名 local direct 到达；t1 物理场动作并集允许 respond/speak；t2 可选 push 回会议。,部分通过,E_LOCAL + E_COMBO,I16,比旧版强很多，但“必须立即回应”的实体约束层仍不足。
E162,极端,本地物理冲突,被同伴拍肩但没有任何数字 context,完全线下。,t0 foreground=null；t1 local event 应通过 place_id 或 physical proximity 进入；t2 文档缺 proximity 模型。,部分通过,E_LOCAL + E_FIELD,I16,place_id 足以表达同场，但拍肩/拉拽等更细 body event 未建模。
E163,极端,本地物理冲突,被安保强制疏散，当前正在 locked session,建筑应急。,t0 会场 locked；t1 安保拉拽应覆盖一切场规则；t2 文档只能用 system_p0/urgent 近似。,失败,E_LOCAL + E_COMBO,"I07,I16",缺身体级强制动作与灾害本体。
E164,极端,本地物理冲突,开车时手机 direct chat 到达,physical activity 强约束。,t0 activity 可能被编码为 exercising/using_phone 混合；t1 文档无法精确表达驾驶安全约束；t2 只可近似提高门槛。,失败,E_ACTIVITY,"I11,I16",缺更细身体/环境约束模型。
E165,极端,本地物理冲突,在嘈杂场景听不到点名,place_id 相同但感知失败。,t0 同场事件发生；t1 系统按同场可见性注入；t2 实际听觉失败未建模。,失败,E_FIELD + E_LOCAL,I16,共处不等于可感知，缺感知质量模型。
E166,极端,本地物理冲突,视频会议算 remote 但具有类 co_located 高压互动,摄像头打开、被主持人直接 call。,t0 co_presence=remote；t1 仍可通过 direct/host superior 上调；t2 基本可跑。,通过,E_FIELD + E_OPS + E_COMBO,,v1.1 已明确视频会议仍归 remote，但可凭其他维度实现高压感。
E167,极端,本地物理冲突,实体会议中断电，数字设备全部失效,纯本地场剩余。,t0 电脑/手机断电；t1 只能依赖 physical field；t2 系统对离线本地持续交互的抽象不足。,失败,E_LOCAL + E_ACTIVITY,I07,缺离线物理世界连续演化层。
E168,极端,本地物理冲突,多人同时说话，speaker 排他权缺失,会场发言竞争。,t0 三人都想 speak；t1 需要 ResourceLease；t2 运行层无闭环。,失败,E_INDEX,I05,这是 ResourceLease 缺位的直接体现。
E169,极端,本地物理冲突,老师/上级面对面质询，remote 群消息同时刷屏,双重压力。,t0 superior local direct 与 group engaged 同时来；t1 本地应优先；t2 群消息留待后处理。,部分通过,E_LOCAL + E_OPS,"I08,I16",优先级方向对，但 superior relation 的维护与实体强制层都不完备。
E170,极端,本地物理冲突,身体受伤后 recovering，但仍在 crowded room,本地刺激很多。,t0 recovering + local noise；t1 urgent 可穿透，普通本地事件应尽量压低；t2 缺更细本地噪声模型。,部分通过,E_ENERGY + E_LOCAL,I16,只能用 priority 粗近似。
E171,极端,本地物理冲突,身体离开 place_id 前收到最后一句关键话,离场边界。,t0 LocationChanged 与对话消息几乎同时；t1 乱序会影响是否可见；t2 需要 event ordering。,部分通过,E_LOCAL + E_OPS,"I14,I15",本地边界高度依赖时间顺序。
E172,极端,本地物理冲突,两个 co_located context 共用同一 place_id,同一房间里两个会。,t0 place_id 相同；t1 visibleSlice 可能混淆；t2 需要更细 spatial partition。,失败,E_FIELD + E_OPS,I16,place_id 粒度不足以分隔同房不同圈。
E173,极端,本地物理冲突,agent 在床上休息但房间里电视持续播放,低强度本地背景噪声。,t0 place_id 同场；t1 系统可能错误注入过多 local 事件；t2 缺 ambient local 噪声模型。,失败,E_LOCAL,I16,local event 需要更细强度层级。
E174,极端,本地物理冲突,戴耳机导致同场点名听不见,物理在场但感知被阻断。,t0 local direct；t1 系统仍按 place_id 注入；t2 与真实感知不符。,失败,E_LOCAL + E_ACTIVITY,I16,缺传感器/身体状态影响。
E175,极端,本地物理冲突,同一 place_id 中存在危险区域与安全区域,实验室火灾的一角。,t0 都是 room_1；t1 实际危险只在一侧；t2 place_id 粒度不够。,失败,E_FIELD,"I07,I16",缺空间细分与 hazard map。
E176,极端,本地物理冲突,线下讨论时 outsider 站得很近能听见但不应获得正式可见性,旁听/泄漏边界。,t0 物理上可听见；t1 系统若按 participants 过滤则看不见；t2 真实世界泄漏未建模。,部分通过,E_FIELD + E_LOCAL,I16,系统偏向规范性权限，而非真实泄漏建模。
E177,极端,本地物理冲突,physical_location 丢失为 null，但 agent 实际在会场,定位失败。,t0 location=null；t1 local 场完全不可见；t2 会漏掉点名。,失败,E_LOCAL + E_OPS,I16,缺定位失效的冗余线索。
E178,极端,本地物理冲突,一边跑步一边电话会议,身体高占用 + remote focused。,t0 activity/exercising 与 focused session 冲突；t1 可表达为运动+前景会场；t2 质量/安全约束不足。,部分通过,E_ACTIVITY + E_COMBO,"I11,I16",可以表示，但对“是否应允许”缺更细约束。
E179,极端,本地物理冲突,面前有人递纸条，系统应把它当什么,非数字输入。,t0 local physical artifact 到达；t1 文档缺纸条/物体输入模型。,失败,E_LOCAL,I16,缺非言语物理媒介语义。
E180,极端,本地物理冲突,会场门被锁，agent 想离场但 physical action 不可行,被困/实体限制。,t0 system 想 pop 前景离开；t1 现实门锁阻止；t2 系统无 physical feasibility 层。,失败,E_LOCAL,"I07,I16",缺真实物理可行动性约束。
E181,极端,灾害与世界级风险,地震 发生时的全系统响应,真实世界出现 地震，影响多个 place_id、多个 context、多个 agent。,t0 外部世界触发灾害；t1 理想上应广播 hazard 事件并改变 physical feasibility / priorities / obligations；t2 现文档只能用 urgent/system_p0 粗近似，无法完整表达区域作用、避难、封控、伤亡与资源短缺。,失败,E_INDEX + E_LOCAL + E_RESTART,"I07,I16",当前文档只能把它们近似成 urgent/system_p0 通知，但没有 hazard 本体、避难/撤离路径与身体强制层。
E182,极端,灾害与世界级风险,火山爆发 发生时的全系统响应,真实世界出现 火山爆发，影响多个 place_id、多个 context、多个 agent。,t0 外部世界触发灾害；t1 理想上应广播 hazard 事件并改变 physical feasibility / priorities / obligations；t2 现文档只能用 urgent/system_p0 粗近似，无法完整表达区域作用、避难、封控、伤亡与资源短缺。,失败,E_INDEX + E_LOCAL + E_RESTART,I07,缺灾害作用域、持续时间、区域影响与恢复阶段建模。
E183,极端,灾害与世界级风险,洪水 发生时的全系统响应,真实世界出现 洪水，影响多个 place_id、多个 context、多个 agent。,t0 外部世界触发灾害；t1 理想上应广播 hazard 事件并改变 physical feasibility / priorities / obligations；t2 现文档只能用 urgent/system_p0 粗近似，无法完整表达区域作用、避难、封控、伤亡与资源短缺。,失败,E_INDEX + E_LOCAL + E_RESTART,I07,缺灾害作用域、持续时间、区域影响与恢复阶段建模。
E184,极端,灾害与世界级风险,火灾 发生时的全系统响应,真实世界出现 火灾，影响多个 place_id、多个 context、多个 agent。,t0 外部世界触发灾害；t1 理想上应广播 hazard 事件并改变 physical feasibility / priorities / obligations；t2 现文档只能用 urgent/system_p0 粗近似，无法完整表达区域作用、避难、封控、伤亡与资源短缺。,失败,E_INDEX + E_LOCAL + E_RESTART,"I07,I16",当前文档只能把它们近似成 urgent/system_p0 通知，但没有 hazard 本体、避难/撤离路径与身体强制层。
E185,极端,灾害与世界级风险,台风 发生时的全系统响应,真实世界出现 台风，影响多个 place_id、多个 context、多个 agent。,t0 外部世界触发灾害；t1 理想上应广播 hazard 事件并改变 physical feasibility / priorities / obligations；t2 现文档只能用 urgent/system_p0 粗近似，无法完整表达区域作用、避难、封控、伤亡与资源短缺。,失败,E_INDEX + E_LOCAL + E_RESTART,I07,缺灾害作用域、持续时间、区域影响与恢复阶段建模。
E186,极端,灾害与世界级风险,暴雪 发生时的全系统响应,真实世界出现 暴雪，影响多个 place_id、多个 context、多个 agent。,t0 外部世界触发灾害；t1 理想上应广播 hazard 事件并改变 physical feasibility / priorities / obligations；t2 现文档只能用 urgent/system_p0 粗近似，无法完整表达区域作用、避难、封控、伤亡与资源短缺。,失败,E_INDEX + E_LOCAL + E_RESTART,I07,缺灾害作用域、持续时间、区域影响与恢复阶段建模。
E187,极端,灾害与世界级风险,大规模停电 发生时的全系统响应,真实世界出现 大规模停电，影响多个 place_id、多个 context、多个 agent。,t0 外部世界触发灾害；t1 理想上应广播 hazard 事件并改变 physical feasibility / priorities / obligations；t2 现文档只能用 urgent/system_p0 粗近似，无法完整表达区域作用、避难、封控、伤亡与资源短缺。,部分通过,E_INDEX + E_LOCAL + E_RESTART,"I07,I14",可以部分映射为系统事件、掉线、角色变化或资源不足，但没有专门世界级资源/物流层。
E188,极端,灾害与世界级风险,化学泄漏 发生时的全系统响应,真实世界出现 化学泄漏，影响多个 place_id、多个 context、多个 agent。,t0 外部世界触发灾害；t1 理想上应广播 hazard 事件并改变 physical feasibility / priorities / obligations；t2 现文档只能用 urgent/system_p0 粗近似，无法完整表达区域作用、避难、封控、伤亡与资源短缺。,失败,E_INDEX + E_LOCAL + E_RESTART,I07,缺灾害作用域、持续时间、区域影响与恢复阶段建模。
E189,极端,灾害与世界级风险,传染病暴发 发生时的全系统响应,真实世界出现 传染病暴发，影响多个 place_id、多个 context、多个 agent。,t0 外部世界触发灾害；t1 理想上应广播 hazard 事件并改变 physical feasibility / priorities / obligations；t2 现文档只能用 urgent/system_p0 粗近似，无法完整表达区域作用、避难、封控、伤亡与资源短缺。,失败,E_INDEX + E_LOCAL + E_RESTART,I07,缺灾害作用域、持续时间、区域影响与恢复阶段建模。
E190,极端,灾害与世界级风险,建筑坍塌 发生时的全系统响应,真实世界出现 建筑坍塌，影响多个 place_id、多个 context、多个 agent。,t0 外部世界触发灾害；t1 理想上应广播 hazard 事件并改变 physical feasibility / priorities / obligations；t2 现文档只能用 urgent/system_p0 粗近似，无法完整表达区域作用、避难、封控、伤亡与资源短缺。,失败,E_INDEX + E_LOCAL + E_RESTART,"I07,I16",当前文档只能把它们近似成 urgent/system_p0 通知，但没有 hazard 本体、避难/撤离路径与身体强制层。
E191,极端,灾害与世界级风险,山火 发生时的全系统响应,真实世界出现 山火，影响多个 place_id、多个 context、多个 agent。,t0 外部世界触发灾害；t1 理想上应广播 hazard 事件并改变 physical feasibility / priorities / obligations；t2 现文档只能用 urgent/system_p0 粗近似，无法完整表达区域作用、避难、封控、伤亡与资源短缺。,失败,E_INDEX + E_LOCAL + E_RESTART,I07,缺灾害作用域、持续时间、区域影响与恢复阶段建模。
E192,极端,灾害与世界级风险,海啸 发生时的全系统响应,真实世界出现 海啸，影响多个 place_id、多个 context、多个 agent。,t0 外部世界触发灾害；t1 理想上应广播 hazard 事件并改变 physical feasibility / priorities / obligations；t2 现文档只能用 urgent/system_p0 粗近似，无法完整表达区域作用、避难、封控、伤亡与资源短缺。,失败,E_INDEX + E_LOCAL + E_RESTART,I07,缺灾害作用域、持续时间、区域影响与恢复阶段建模。
E193,极端,灾害与世界级风险,极端高温 发生时的全系统响应,真实世界出现 极端高温，影响多个 place_id、多个 context、多个 agent。,t0 外部世界触发灾害；t1 理想上应广播 hazard 事件并改变 physical feasibility / priorities / obligations；t2 现文档只能用 urgent/system_p0 粗近似，无法完整表达区域作用、避难、封控、伤亡与资源短缺。,失败,E_INDEX + E_LOCAL + E_RESTART,I07,缺灾害作用域、持续时间、区域影响与恢复阶段建模。
E194,极端,灾害与世界级风险,极端低温 发生时的全系统响应,真实世界出现 极端低温，影响多个 place_id、多个 context、多个 agent。,t0 外部世界触发灾害；t1 理想上应广播 hazard 事件并改变 physical feasibility / priorities / obligations；t2 现文档只能用 urgent/system_p0 粗近似，无法完整表达区域作用、避难、封控、伤亡与资源短缺。,失败,E_INDEX + E_LOCAL + E_RESTART,I07,缺灾害作用域、持续时间、区域影响与恢复阶段建模。
E195,极端,灾害与世界级风险,道路封锁 发生时的全系统响应,真实世界出现 道路封锁，影响多个 place_id、多个 context、多个 agent。,t0 外部世界触发灾害；t1 理想上应广播 hazard 事件并改变 physical feasibility / priorities / obligations；t2 现文档只能用 urgent/system_p0 粗近似，无法完整表达区域作用、避难、封控、伤亡与资源短缺。,部分通过,E_INDEX + E_LOCAL + E_RESTART,"I07,I14",可以部分映射为系统事件、掉线、角色变化或资源不足，但没有专门世界级资源/物流层。
E196,极端,灾害与世界级风险,互联网骨干中断 发生时的全系统响应,真实世界出现 互联网骨干中断，影响多个 place_id、多个 context、多个 agent。,t0 外部世界触发灾害；t1 理想上应广播 hazard 事件并改变 physical feasibility / priorities / obligations；t2 现文档只能用 urgent/system_p0 粗近似，无法完整表达区域作用、避难、封控、伤亡与资源短缺。,部分通过,E_INDEX + E_LOCAL + E_RESTART,"I07,I14",可以部分映射为系统事件、掉线、角色变化或资源不足，但没有专门世界级资源/物流层。
E197,极端,灾害与世界级风险,城市级骚乱 发生时的全系统响应,真实世界出现 城市级骚乱，影响多个 place_id、多个 context、多个 agent。,t0 外部世界触发灾害；t1 理想上应广播 hazard 事件并改变 physical feasibility / priorities / obligations；t2 现文档只能用 urgent/system_p0 粗近似，无法完整表达区域作用、避难、封控、伤亡与资源短缺。,失败,E_INDEX + E_LOCAL + E_RESTART,I07,缺灾害作用域、持续时间、区域影响与恢复阶段建模。
E198,极端,灾害与世界级风险,大规模疏散 发生时的全系统响应,真实世界出现 大规模疏散，影响多个 place_id、多个 context、多个 agent。,t0 外部世界触发灾害；t1 理想上应广播 hazard 事件并改变 physical feasibility / priorities / obligations；t2 现文档只能用 urgent/system_p0 粗近似，无法完整表达区域作用、避难、封控、伤亡与资源短缺。,失败,E_INDEX + E_LOCAL + E_RESTART,"I07,I16",当前文档只能把它们近似成 urgent/system_p0 通知，但没有 hazard 本体、避难/撤离路径与身体强制层。
E199,极端,灾害与世界级风险,机场关闭 发生时的全系统响应,真实世界出现 机场关闭，影响多个 place_id、多个 context、多个 agent。,t0 外部世界触发灾害；t1 理想上应广播 hazard 事件并改变 physical feasibility / priorities / obligations；t2 现文档只能用 urgent/system_p0 粗近似，无法完整表达区域作用、避难、封控、伤亡与资源短缺。,部分通过,E_INDEX + E_LOCAL + E_RESTART,"I07,I14",可以部分映射为系统事件、掉线、角色变化或资源不足，但没有专门世界级资源/物流层。
E200,极端,灾害与世界级风险,医院超载 发生时的全系统响应,真实世界出现 医院超载，影响多个 place_id、多个 context、多个 agent。,t0 外部世界触发灾害；t1 理想上应广播 hazard 事件并改变 physical feasibility / priorities / obligations；t2 现文档只能用 urgent/system_p0 粗近似，无法完整表达区域作用、避难、封控、伤亡与资源短缺。,部分通过,E_INDEX + E_LOCAL + E_RESTART,"I07,I14",可以部分映射为系统事件、掉线、角色变化或资源不足，但没有专门世界级资源/物流层。
E201,极端,长期运行,100 万 agent 长期同时演化,超大规模多 agent 世界。,t0 每 tick 都有大批 next_wakeup；t1 单 agent×context 限流不够；t2 需要全局 admission/budget。,部分通过,E_INDEX + E_STORM,I06,局部稳定性机制存在，但全局调度预算不足。
E202,极端,长期运行,高优场长期霸占 agent，低优任务永远饿死,多个 context 竞争。,t0 direct/urgent 持续流入；t1 低优 persistent 工作长期不被取出；t2 缺强制 aging/fairness。,部分通过,E_COMBO + E_INDEX,I06,RuntimeEnvelope 提到 fairness，但未完全制度化。
E203,极端,长期运行,ForegroundStack 长期不清理历史帧,数月运行。,t0 中断很多；t1 frames 长期积累；t2 内存与恢复复杂度上升。,部分通过,E_INDEX,I12,深度上限与回收策略仍开放。
E204,极端,长期运行,memory tiers 一直增长直到 top-N 选择失真,几年运行。,t0 long/persistent 积累；t1 top-N relevance 越来越脆；t2 缺更系统的 compaction/rewrite。,部分通过,E_COMBO,I04,只有注入上限，没有长期重写策略。
E205,极端,长期运行,notification sweeper 停摆后系统慢性膨胀,后台清扫器故障。,t0 TTL 过期项不清；t1 pending/archived 越积越多；t2 assemble 变慢。,失败,E_INDEX + E_STORM,I13,清扫器是要求，但未成为不可缺少的强制组件。
E206,极端,长期运行,writeback ledger 多年后 replay 成本过高,compaction 缺失。,t0 事件量巨大；t1 snapshot 不够频繁；t2 恢复耗时过长。,失败,E_WRITE + E_RESTART,I04,缺 retention/compaction 规范。
E207,极端,长期运行,同一 agent 经年累月的 baseline attention 被 decay 逻辑改坏,长期漂移。,t0 attention_policy 多次 decay；t1 偏离原人格基线；t2 不可写回公设被破坏。,失败,E_COMBO + E_INDEX,I02,这是长期漂移的硬 bug。
E208,极端,长期运行,旧字段与新字段并存导致状态渐进分叉,current_activity 与 activity_profile 都被某些组件维护。,t0 两套字段并存；t1 某些代码写旧字段，某些代码读新字段；t2 长期漂移。,失败,E_ACTIVITY + E_COMBO + E_INDEX,I01,这是最危险的结构性问题之一。
E209,极端,长期运行,多代 schema 升级后旧 snapshot 无法恢复,v1.1/v1.2/v1.3 混用。,t0 旧 snapshot 持有 old fields；t1 新代码只认新结构；t2 迁移策略未定。,失败,E_INDEX + E_RESTART,"I01,I18",缺 schema migration plan。
E210,极端,长期运行,随机 bit-flip 把 role=host 改成 outsider,硬件级偶发错误。,t0 数据损坏；t1 权限立刻变化；t2 无 state validator/checksum。,失败,E_INDEX + E_FIELD,I09,缺状态校验层。
E211,极端,长期运行,world contexts 数量巨大，close sweep 成本过高,百万 context。,t0 定期清理 archived/expired；t1 没有分片/分页规范；t2 后台任务成为瓶颈。,部分通过,E_INDEX + E_STORM,I06,需要后台作业的分片与预算。
E212,极端,长期运行,relation graph 极大，priorityOf 查询过重,复杂组织网络。,t0 每条消息都查 RelationInfo；t1 成本高；t2 缺缓存/索引策略。,部分通过,E_OPS + E_INDEX,I08,关系模型本体未定，工程优化更无从谈起。
E213,极端,长期运行,participants 与 roles 长期漂移不同步,旧成员未清理。,t0 有人离职/离组；t1 participants 未清，roles 仍留；t2 重分配和权限紊乱。,部分通过,E_FIELD + E_OBL,"I09,I17",缺 consistency sweeper。
E214,极端,长期运行,public forum 的 summarizeRecentPosts 质量持续下降,帖子极多极杂。,t0 warm_messages 巨量；t1 摘要噪声变高；t2 缺质量反馈回路。,部分通过,E_COMBO,I06,摘要是必要近似，但缺质量治理。
E215,极端,长期运行,双活 agent 永久分叉后各自产生 durable writes,身份裂变。,t0 两副本都在线；t1 都写 ledger；t2 同一 agent 的历史分叉。,失败,E_WRITE + E_INDEX,"I09,I15",需要单 leader/session lease。
E216,极端,长期运行,lease 无 fencing 导致旧 holder 复活写入,排他资源管理。,t0 新 holder 已获取资源；t1 旧 holder 从暂停中恢复再写；t2 缺 fencing token。,失败,E_INDEX,I05,ResourceLease 没闭环。
E217,极端,长期运行,world 进入 degraded 后迟迟不回 normal,过载恢复逻辑缺失。,t0 一次高峰后降载；t1 高峰过去；t2 没有明确恢复条件。,失败,E_INDEX + E_STORM,I06,缺 overload 恢复状态机。
E218,极端,长期运行,长时间无压力后 attention decay 把 baseline 永久拉到 ambient,深度工作人格被磨平。,t0 数周无高压；t1 每 24h 下降一档；t2 最终 all ambient。,失败,E_COMBO,I02,这与“人格基线不可写回”冲突。
E219,极端,长期运行,场外长期运动导致 digital obligations 被长期拖延,身体活动长期占用。,t0 agent 一直 exercising；t1 obligations 只能靠 urgent 穿透；t2 normal work 积压。,部分通过,E_ACTIVITY + E_OBL,I11,模型可表达，但缺更长程 balancing。
E220,极端,长期运行,持续多年后 archived obligations 过多影响检索,历史体量巨大。,t0 archived_obligations 堆积；t1 close/review 查询变慢；t2 缺分层归档策略。,部分通过,E_OBL + E_INDEX,I04,只定义了归档，没有层级 retention。
